rol,tribunal,tipo,año,filename,size_kb
"R-5-2018","1TA","definitiva","2018","Sentencia_R-5-2018_acum__R-6-2018.pdf","1749.5"
"R-92-2023","1TA","definitiva","2023","SentenciaR-92-2023.pdf","4195.7"
"R-100-2024","1TA","definitiva","2024","sentencia-R-100-2024.pdf","2048.7"
"R-2-2013","2TA","definitiva","2013","R-02-2013-01-10-2013-Sentencia.pdf","206.2"
"R-4-2013","2TA","definitiva","2013","R-04-2013-09-08-2013-Sentencia.pdf","578.5"
"R-5-2013","2TA","definitiva","2013","R-05-2013-16-08-2013-Sentencia.pdf","290.2"
"R-6-2013","2TA","definitiva","2013","R-06-2013-03-03-2014-Sentencia.pdf","2727.6"
"R-10-2013","2TA","definitiva","2013","R-10-2013-19-06-2014-Sentencia.pdf","567.4"
"R-11-2013","2TA","definitiva","2013","R-11-2013-26-06-2014-Sentencia.pdf","690.6"
"R-13-2013","2TA","definitiva","2013","R-13-2013-17-01-2014-Sentencia.pdf","537.4"
"R-14-2013","2TA","definitiva","2013","R-14-2013-23-04-2014-Sentencia.pdf","656.3"
"R-15-2013","2TA","definitiva","2013","R-15-2013-22-05-2014-Sentencia.pdf","741.1"
"R-16-2013","2TA","definitiva","2013","R-16-2013-18-07-2014-Sentencia.pdf","149.3"
"R-20-2014","2TA","definitiva","2014","R-20-2014-19-06-2014-Sentencia.pdf","138.6"
"R-21-2014","2TA","definitiva","2014","R-21-2014-28-10-2014-Sentencia.pdf","150.4"
"R-22-2014","2TA","definitiva","2014","R-22-2014-16-12-2014-Sentencia-Definitiva.pdf","283.4"
"R-23-2014","2TA","definitiva","2014","R-23-2014-12-09-2014-Sentencia.pdf","873.1"
"R-24-2014","2TA","definitiva","2014","R-24-2014-21-11-2014-Sentencia-foliada.pdf","834.1"
"R-26-2014","2TA","definitiva","2014","R-26-2014-17-12-2014-Sentencia.pdf","111.4"
"R-32-2014","2TA","definitiva","2014","R-32-2014-25-05-2015-Sentencia-Foleada.pdf","182.7"
"R-33-2014","2TA","definitiva","2014","R-33-2014_Sentencia.pdf","1388.5"
"R-34-2014","2TA","definitiva","2014","R-34-2014-02-07-2015-Sentencia.pdf","132.1"
"R-35-2014","2TA","definitiva","2014","R-35-2014-18-02-2016-Sentencia.pdf","3127.1"
"R-38-2014","2TA","definitiva","2014","R-38-2014-07-05-2015-Sentencia.pdf","1732.3"
"R-39-2014","2TA","definitiva","2014","R-39-2014-15-10-15-Sentencia.pdf","84.9"
"R-40-2014","2TA","definitiva","2014","Sentencia-R-40-2014-Comunicaciones.pdf","10202.1"
"R-44-2014","2TA","definitiva","2014","R-44-2014-04-12-2015-Sentencia.pdf","1804.3"
"R-48-2014","2TA","definitiva","2014","R-48-2014-29-01-2016-Sentencia.pdf","2065.2"
"R-51-2014","2TA","definitiva","2014","R-51-2014-08-06-2016-Sentencia.pdf","2105.1"
"R-53-2014","2TA","definitiva","2014","R-53-2014-26-08-2015-Sentencia.pdf","975.4"
"R-54-2014","2TA","definitiva","2014","R-54-2014-01-12-2015-Sentencia.pdf","517.9"
"R-58-2015","2TA","definitiva","2015","R-58-2015-15-10-2015-Sentencia.pdf","530.4"
"R-62-2015","2TA","definitiva","2015","R-62-2015-29-02-2016-Sentencia.pdf","730.4"
"R-63-2015","2TA","definitiva","2015","R-63-2015-21-04-2016-Sentencia.pdf","893.3"
"R-67-2015","2TA","definitiva","2015","R-67-2015-31-01-2017-Sentencia.pdf","1122.9"
"R-68-2015","2TA","definitiva","2015","R-68-2015-22-07-2016-Sentencia.pdf","840.8"
"R-72-2015","2TA","definitiva","2015","R-72-2015-12-06-2017-Sentencia.pdf","2820.1"
"R-73-2015","2TA","definitiva","2015","R-73-2015-08-11-2016-Sentencia.pdf","756.1"
"R-75-2015","2TA","definitiva","2015","R-75-2015-30-12-2016-Sentencia.pdf","1142.0"
"R-76-2015","2TA","definitiva","2015","R-76-2015-05-10-2016-Sentencia.pdf","1641.5"
"R-77-2015","2TA","definitiva","2015","R-77-2015-17-03-2017-Sentencia.pdf","754.0"
"R-79-2015","2TA","definitiva","2015","R-79-2015-30-05-2016-Sentencia.pdf","343.0"
"R-82-2015","2TA","definitiva","2015","R-82-2015-29-09-2017-Sentencia.pdf","3534.5"
"R-83-2015","2TA","definitiva","2015","R-83-2015-30-03-2016-Sentencia.pdf","704.9"
"R-86-2015","2TA","definitiva","2015","R-86-2015-28-10-2016-Sentencia.pdf","4947.1"
"R-87-2015","2TA","definitiva","2015","R-87-2015-17-06-2016-Sentencia.pdf","670.0"
"R-88-2015","2TA","definitiva","2015","R-88-2015-27-07-2016-Sentencia.pdf","1234.0"
"R-89-2016","2TA","definitiva","2016","R-89-2016-27-04-2017-Sentencia.pdf","2084.2"
"R-90-2016","2TA","definitiva","2016","R-90-2016-21-03-2017-Sentencia.pdf","995.1"
"R-93-2016","2TA","definitiva","2016","R-93-2016-27-02-2017-Sentencia.pdf","1150.2"
"R-95-2016","2TA","definitiva","2016","R-95-2016-17-11-2016-Sentencia.pdf","344.8"
"R-96-2016","2TA","definitiva","2016","R-96-2016-25-04-2016-Sentencia.pdf","1868.6"
"R-97-2016","2TA","definitiva","2016","R-97-2016-23-12-2016-Sentencia.pdf","1578.4"
"R-98-2016","2TA","definitiva","2016","R-98-2016-21-06-2017-Sentencia.pdf","1348.0"
"R-99-2016","2TA","definitiva","2016","R-99-2016-25-04-2018-Sentencia.pdf","4703.9"
"R-101-2016","2TA","definitiva","2016","R-101-2016-31-05-2017-Sentencia.pdf","2593.6"
"R-102-2016","2TA","definitiva","2016","R-102-2016-15-09-2016-Sentencia.pdf","434.5"
"R-104-2016","2TA","definitiva","2016","R-104-2016-24-02-2017-Sentencia.pdf","1154.8"
"R-107-2016","2TA","definitiva","2016","R-107-2016_24-01-2018_Sentencia.pdf","1616.2"
"R-108-2016","2TA","definitiva","2016","R-108-2016-15-11-2016-Sentencia.pdf","426.9"
"R-109-2016","2TA","definitiva","2016","R-109-2016-22-05-2017-Sentencia.pdf","1915.8"
"R-111-2016","2TA","definitiva","2016","R-111-2016-31-08-2017-Sentencia.pdf","4939.2"
"R-112-2016","2TA","definitiva","2016","R-112-2016-02-02-2017-Sentencia.pdf","1369.8"
"R-116-2016","2TA","definitiva","2016","R-116-2016-28-06-2017-Sentencia.pdf","1174.7"
"R-117-2016","2TA","definitiva","2016","R-117-2016_14-12-2016_Sentencia.pdf","710.4"
"R-118-2016","2TA","definitiva","2016","R-118-2016-31-08-2017-Sentencia.pdf","1133.3"
"R-122-2016","2TA","definitiva","2016","R-122-2016_30-03-2017_Sentencia.pdf","757.4"
"R-123-2016","2TA","definitiva","2016","R-123-2016-18-05-2017-Sentencia.pdf","1664.2"
"R-124-2016","2TA","definitiva","2016","R-124-2016-15-05-2018-Sentencia.pdf","195.3"
"R-125-2016","2TA","definitiva","2016","R-125-2016-11-02-2019-Sentencia.pdf","6538.9"
"R-126-2016","2TA","definitiva","2016","R-126-2016-31-08-2017-Sentencia.pdf","3278.8"
"R-128-2016","2TA","definitiva","2016","R-128-2016-31-03-2017-Sentencia.pdf","1707.6"
"R-129-2016","2TA","definitiva","2016","R-129-2016-05-01-2018-Sentencia.pdf","2503.5"
"R-131-2016","2TA","definitiva","2016","R-131-2016-28-04-2017-Sentencia.pdf","1609.0"
"R-132-2016","2TA","definitiva","2016","R-132-2016-20-10-2017-Sentencia.pdf","1732.9"
"R-135-2016","2TA","definitiva","2016","R-135-2016-28-07-2017-Sentencia.pdf","5971.7"
"R-138-2016","2TA","definitiva","2016","R-138-2016-29-03-2018-Sentencia.pdf","1322.8"
"R-139-2016","2TA","definitiva","2016","CS_23085-2018_2TA_R-139-2016_Sentencia.pdf","145.7"
"R-140-2016","2TA","definitiva","2016","R-140-2016-05-06-2018-Sentencia.pdf","3916.1"
"R-139-2017","2TA","definitiva","2017","R-139-2017-31-07-2018-Sentencia.pdf","5583.2"
"R-141-2017","2TA","definitiva","2017","R-141-2017-08-02-2019-Sentencia.pdf","1860.8"
"R-143-2017","2TA","definitiva","2017","R-143-2017-10-12-2018-Sentencia-web_pc_7mb.pdf","6835.4"
"R-146-2017","2TA","definitiva","2017","R-146-2017-25-09-2018-Sentencia.pdf","4288.9"
"R-147-2017","2TA","definitiva","2017","R-147-2017-30-01-2019-Sentencia.pdf","2496.4"
"R-148-2017","2TA","definitiva","2017","R-148-2017-26-04-2018-Sentencia.pdf","5031.8"
"R-149-2017","2TA","definitiva","2017","R-149-2017-01-06-2018-Sentencia.pdf","1243.2"
"R-150-2017","2TA","definitiva","2017","R-150-2017-28-02-2018-Sentencia.pdf","1269.0"
"R-153-2017","2TA","definitiva","2017","R-153-2017-14-09-2018-Sentencia.pdf","25851.3"
"R-154-2017","2TA","definitiva","2017","R-154-2017-29-03-2018-Sentencia.pdf","3878.6"
"R-155-2017","2TA","definitiva","2017","R-155-2017-27-04-2018-Sentencia.pdf","1417.4"
"R-157-2017","2TA","definitiva","2017","R-157-2017-17-08-2018-Sentencia.pdf","19567.4"
"R-160-2017","2TA","definitiva","2017","R-160-2017-21-08-2018-Sentencia.pdf","18432.2"
"R-161-2017","2TA","definitiva","2017","R-161-2017-18-04-2018-Sentencia.pdf","1022.2"
"R-163-2017","2TA","definitiva","2017","R-163-2017-29-06-2018-Sentencia.pdf","1684.2"
"R-166-2017","2TA","definitiva","2017","R-166-2017-04-06-2019-Sentencia.pdf","3421.8"
"R-169-2017","2TA","definitiva","2017","R-169-2017-14-06-2019-Sentencia.pdf","4227.3"
"R-15549-2017","2TA","casacion","2017","Sentencia-casación-CS-Rol-15549-2017-derrame-de-petróleo-Quintero.pdf","227.1"
"R-18341-2017","2TA","definitiva","2017","Sentencia-CS-Rol-18341-2017-Saeta.pdf","213.1"
"R-37273-2017","2TA","casacion","2017","Sentencia-casación-Rol-37273-2017-Nogales.pdf","190.5"
"R-171-2018","2TA","definitiva","2018","Sentencia_Corte-Suprema_Rol-44801-2020_2TA_R-171-2018.pdf","220.1"
"R-173-2018","2TA","definitiva","2018","R-173-2018-31-01-2019-Sentencia.pdf","659.0"
"R-177-2018","2TA","definitiva","2018","R-177-2018-22-07-2019-Sentencia.pdf","8075.0"
"R-179-2018","2TA","definitiva","2018","CS_29062-2019_2TA_R-179-2018_Sentencia.pdf","182.4"
"R-181-2018","2TA","definitiva","2018","Sentencia_Corte-Suprema_Rol-104693-2020_2TA_R-181-2018.pdf","240.5"
"R-183-2018","2TA","definitiva","2018","R-183-2018_03-11-2021_Sentencia.pdf","27034.9"
"R-189-2018","2TA","definitiva","2018","R-189-2018-13-09-2019-Sentencia.pdf","857.7"
"R-190-2018","2TA","definitiva","2018","CS_20994-2020_2TA_R-190-2018_Sentencia.pdf","194.5"
"R-191-2018","2TA","definitiva","2018","R-191-2018-26-07-2019-Sentencia-pdf.pdf","5894.7"
"R-193-2018","2TA","definitiva","2018","CS_27003-2019_2TA_R-193-2018_Sentencia.pdf","125.0"
"R-195-2018","2TA","definitiva","2018","Sentencia_Corte-Suprema_Rol-131181-2020_2TA_R-195-2018.pdf","185.8"
"R-197-2018","2TA","definitiva","2018","R-197-2018_27-11-2019_Sentencia.pdf","1796.0"
"R-198-2018","2TA","definitiva","2018","R-198-2018-15-03-2019-Sentencia_web.pdf","6212.4"
"R-199-2018","2TA","definitiva","2018","Sentencia_Corte-Suprema_117379-2020_2TA-R-199-2018.pdf","198.2"
"R-200-2018","2TA","definitiva","2018","Sentencia_Corte-Suprema_6960-2021-R-200-2018-STA.pdf","188.7"
"R-189-2019","2TA","definitiva","2019","CS-29521-2019_2TA_R-189-2019_Sentencia.pdf","171.5"
"R-196-2019","2TA","definitiva","2019","Sentencia_Corte-Suprema_79353-2020_2TA-R-196-2019.pdf","212.2"
"R-206-2019","2TA","definitiva","2019","Sentencia_Corte-Suprema_99487-2020_2TA-R-206-2019.pdf","479.4"
"R-208-2019","2TA","definitiva","2019","Sentencia_R_208-2019-14.04.2021.pdf","19872.3"
"R-210-2019","2TA","definitiva","2019","Sentencia_R-210-2019_-_14.10.2020.pdf","912.6"
"R-215-2019","2TA","definitiva","2019","2022.07.06_Sentencia_R-215-2019.pdf","4245.6"
"R-219-2019","2TA","definitiva","2019","Sentencia_R_219-2019-05-04-2021.pdf","22058.5"
"R-220-2019","2TA","definitiva","2019","R-220-2019_30-03-2021_Sentencia.pdf","9173.5"
"R-221-2019","2TA","definitiva","2019","Sentencia_R-221-2019.pdf","20671.5"
"R-224-2019","2TA","definitiva","2019","R-224-2019_17-06-2021_Sentencia.pdf","10408.5"
"R-1583-2019","2TA","definitiva","2019","Sentencia_Corte_Suprema_Rol_1583-2019_2TA_D-26-2016.pdf","179.6"
"R-27726-2019","2TA","definitiva","2019","Sentencia_Corte_Suprema_Rol_27726-2019_2TA_D-27-2016.pdf","180.2"
"R-226-2020","2TA","definitiva","2020","Sentencia_R_226-2020-09.04.2021.pdf","13009.9"
"R-230-2020","2TA","definitiva","2020","R-230-2020_10-03-2022_Sentencia.pdf","3235.4"
"R-231-2020","2TA","definitiva","2020","Sentencia_R_231-2020-25.11.2021.pdf","2313.0"
"R-233-2020","2TA","definitiva","2020","R-233-2020_18-06-2021_Sentencia.pdf","9406.7"
"R-234-2020","2TA","definitiva","2020","R-234-2020_22-06-2021_Sentencia.pdf","15973.1"
"R-236-2020","2TA","definitiva","2020","R-236-2020_01-10-2021_Sentencia.pdf","1528.6"
"R-237-2020","2TA","definitiva","2020","Sentencia_R_237-2020-13.05.2021.pdf","17549.4"
"R-238-2020","2TA","definitiva","2020","R-238-2020_16-06-2021_Sentencia.pdf","14158.0"
"R-239-2020","2TA","definitiva","2020","R-239-2020_14-07-2021_Sentencia.pdf","20920.0"
"R-243-2020","2TA","definitiva","2020","R-243-2020_14-10-2021_Sentencia.pdf","1166.0"
"R-244-2020","2TA","definitiva","2020","R-244-2020_25-05-2022_Sentencia.pdf","30377.6"
"R-251-2020","2TA","definitiva","2020","R-251-2020_09-08-2021_Sentencia.pdf","4930.8"
"R-252-2020","2TA","definitiva","2020","R-252-2020_19-11-2021_Sentencia.pdf","7946.9"
"R-253-2020","2TA","definitiva","2020","R-253-2020_13-07-2021_Sentencia.pdf","2765.9"
"R-261-2020","2TA","definitiva","2020","2022.08.24_Sentencia_R-261-2020.pdf","1269.0"
"R-262-2020","2TA","definitiva","2020","R-262-2020_12-08-2021_Sentencia.pdf","1554.5"
"R-263-2020","2TA","definitiva","2020","2022.07.20_Sentencia_R-263-2020.pdf","2514.5"
"R-264-2020","2TA","definitiva","2020","2024.03.19_Sentencia_R-264-2020.pdf","1095.6"
"R-265-2020","2TA","definitiva","2020","2022.12.30_Sentencia_R-265-2020-1.pdf","1895.0"
"R-266-2020","2TA","definitiva","2020","R-266-2020_19-12-2022_Sentencia_foliada.pdf","1226.8"
"R-267-2020","2TA","definitiva","2020","R-267-2020_12-09-2022_Sentencia.pdf","2297.3"
"R-269-2020","2TA","definitiva","2020","R-269-2020_28-02-2022_Sentencia_foliada.pdf","3528.6"
"R-273-2021","2TA","definitiva","2021","2022.07.12_Sentencia_R-273-2021.pdf","1862.5"
"R-277-2021","2TA","definitiva","2021","R-277-2021_30-12-2022_Sentencia-4.pdf","2197.1"
"R-278-2021","2TA","definitiva","2021","R-278-2021_24-02-2022_Sentencia.pdf","4892.9"
"R-279-2021","2TA","definitiva","2021","R-279-2021_26-07-2023_Sentencia.pdf","810.9"
"R-280-2021","2TA","definitiva","2021","2023.04.25_Sentencia_R-280-2021.pdf","1070.6"
"R-281-2021","2TA","definitiva","2021","2023.08.08_Sentencia_R-281-2021.pdf","1572.5"
"R-282-2021","2TA","definitiva","2021","2023.06.30_Sentencia_R-282-2021_acumulada_R-303-2021.pdf","3841.1"
"R-283-2021","2TA","definitiva","2021","2022.11.30_Sentencia_R-283-2021.pdf","518.1"
"R-285-2021","2TA","definitiva","2021","2022.07.22_Sentencia_R-285-2021.pdf","337.7"
"R-292-2021","2TA","definitiva","2021","2023.08.10_Sentencia_R-292-2021.pdf","1183.6"
"R-293-2021","2TA","definitiva","2021","2022.07.25_Sentencia_R-293-2021_.pdf","537.9"
"R-295-2021","2TA","definitiva","2021","2022.11.09_Sentencia_R_295-2021.pdf","900.7"
"R-296-2021","2TA","definitiva","2021","R-296-2021_11-10-2022_Sentencia_foliada.pdf","1004.0"
"R-301-2021","2TA","definitiva","2021","2023.01.30_Sentencia_R-301-2021_acumulada_R-309-202133131.pdf","4782.5"
"R-304-2021","2TA","definitiva","2021","2022.10.26_Sentencia_R-304-2021acum.R325-2022.pdf","774.1"
"R-305-2021","2TA","definitiva","2021","R-305-2021_16-12-2022_Sentencia_foliada-2.pdf","1529.2"
"R-307-2021","2TA","definitiva","2021","2022.11.02_Sentencia_R-307-2021.pdf","875.3"
"R-313-2021","2TA","definitiva","2021","2023.04.19_Sentencia_R-313-2021.pdf","886.3"
"R-314-2021","2TA","definitiva","2021","Sentencia_Rol_N_314-2021_002.pdf","1009.3"
"R-315-2021","2TA","definitiva","2021","2022.11.24_Sentencia_R-315-2021.pdf","853.6"
"R-316-2021","2TA","definitiva","2021","2023.01.30_Sentencia_R_316-2021_acumulada_R_317-2021.pdf","1719.5"
"R-318-2021","2TA","definitiva","2021","R-318-2021_26-09-2022_Sentencia.pdf","759.2"
"R-34697-2021","2TA","reemplazo","2021","SCS-rol-34697-2021.-Tapia-Azocar-con-SMA.-Sentencia-de-Reemplazo.pdf","137.2"
"R-319-2022","2TA","definitiva","2022","2022.12.19_Sentencia_R-319-2022-1.pdf","737.5"
"R-322-2022","2TA","definitiva","2022","Sentencia_R-322-2022.pdf","2334.2"
"R-323-2022","2TA","definitiva","2022","2023.10.12_Sentencia_R-323-2022.pdf","1202.2"
"R-324-2022","2TA","definitiva","2022","Sentencia_R-324-2022-1.pdf","2242.2"
"R-326-2022","2TA","definitiva","2022","2022.09.06_Sentencia_R-326-2022.pdf","583.4"
"R-327-2022","2TA","definitiva","2022","2025.10.09_Sentencia_R-327-2022_R328_R335_R337_R338_R447.pdf","4910.0"
"R-331-2022","2TA","definitiva","2022","2024.03.11_Sentencia_R-331-2022.pdf","1876.7"
"R-333-2022","2TA","definitiva","2022","Sentencia_R-333-2022.pdf","12185.6"
"R-334-2022","2TA","definitiva","2022","R-334-2022_18-07-2023_Sentencia.pdf","3436.1"
"R-339-2022","2TA","definitiva","2022","2022.11.21_Sentencia_R-339-2022-2.pdf","607.2"
"R-340-2022","2TA","definitiva","2022","R-340-2022_16-03-2023_Sentencia.pdf","1064.2"
"R-341-2022","2TA","definitiva","2022","2022.12.02_Sentencia_R-341-2022.pdf","1080.2"
"R-342-2022","2TA","definitiva","2022","2023.05.11_Sentencia_R-342-2022.pdf","960.6"
"R-343-2022","2TA","definitiva","2022","2024.02.09_Sentencia_R-343-2022.pdf","1036.7"
"R-344-2022","2TA","definitiva","2022","2022.02.24_Sentencia_R-344-2022-1.pdf","926.6"
"R-346-2022","2TA","definitiva","2022","2025.02.11_Sentencia_R-346-2022.pdf","1913.6"
"R-347-2022","2TA","definitiva","2022","2025.06.03_Sentencia_R-347-2022_acumulada_R-439-2023.pdf","2480.1"
"R-348-2022","2TA","definitiva","2022","2024.01.26_Sentencia_Rol-348-2022.pdf","1416.7"
"R-349-2022","2TA","definitiva","2022","2023.09.06_Sentencia_R-349-2022.pdf","4019.2"
"R-350-2022","2TA","definitiva","2022","2023.11.20_Sentencia_R-350-2022.pdf","614.1"
"R-352-2022","2TA","definitiva","2022","Sentencia_R_352-2022.pdf","1423.7"
"R-353-2022","2TA","definitiva","2022","2023.11.02_Sentencia_R-353-2022.pdf","875.1"
"R-354-2022","2TA","definitiva","2022","R-354-2022_19-07-2023_Sentencia.pdf","823.3"
"R-355-2022","2TA","definitiva","2022","2023.08.17_Sentencia_R-355-2022.pdf","1317.7"
"R-356-2022","2TA","definitiva","2022","R-356-2022_26-07-2023_Sentencia.pdf","2005.3"
"R-360-2022","2TA","definitiva","2022","2023.12.07_Sentencia_R-360-2022.pdf","2230.4"
"R-362-2022","2TA","definitiva","2022","R-362-2022_19-07-2023_Sentencia.pdf","1419.7"
"R-370-2022","2TA","definitiva","2022","2023.12.20_Sentencia_R-370-2022.pdf","894.6"
"R-371-2022","2TA","definitiva","2022","Sentencia_R-371-2022.pdf","2592.0"
"R-373-2022","2TA","definitiva","2022","2023.09.13_Sentencia_R-373-2022.pdf","1240.9"
"R-374-2022","2TA","definitiva","2022","2024.04.24_Sentencia_R-374-2022.pdf","974.0"
"R-375-2022","2TA","definitiva","2022","2025.08.19_Sentencia_R-375-2022_y_acumuladas-1.pdf","16305.3"
"R-376-2022","2TA","definitiva","2022","2023.10.11_Sentencia_R-376-2022.pdf","1032.6"
"R-378-2022","2TA","definitiva","2022","2023.10.25_Sentencia_R-378-2022.pdf","671.5"
"R-379-2022","2TA","definitiva","2022","2024.04.30_Sentencia_R-379-2022.pdf","1097.5"
"R-383-2022","2TA","definitiva","2022","2024.04.24_Sentencia_R-383-2022.pdf","994.7"
"R-384-2022","2TA","definitiva","2022","2023.07.10_Sentencia_R-384-2022.pdf","440.2"
"R-363-2023","2TA","definitiva","2023","2023.08.22_Sentencia_R-363-2023.pdf","801.3"
"R-377-2023","2TA","definitiva","2023","2024.06.28_Sentencia_R-377-2023.pdf","1962.0"
"R-385-2023","2TA","definitiva","2023","2024.04.08_Sentencia_R-385-2023.pdf","3496.5"
"R-388-2023","2TA","definitiva","2023","2023.08.23_Sentencia_R-388-2023.pdf","980.8"
"R-392-2023","2TA","definitiva","2023","Sentencia_R-392-2023.pdf","1592.9"
"R-395-2023","2TA","definitiva","2023","2023.10.19_Sentencia_R-395-2023.pdf","481.2"
"R-396-2023","2TA","definitiva","2023","2024.04.22_Sentencia_R-396-2023.pdf","601.2"
"R-397-2023","2TA","definitiva","2023","2024.05.30_Sentencia_R-397-2023.pdf","868.5"
"R-399-2023","2TA","definitiva","2023","2024.04.26_Sentencia_R-399-2023.pdf","1184.3"
"R-400-2023","2TA","definitiva","2023","2024.04.26_Sentencia_R-400-2023.pdf","867.6"
"R-403-2023","2TA","definitiva","2023","2024.04.11_Sentencia_R-403-2023-1.pdf","1319.7"
"R-404-2023","2TA","definitiva","2023","2024.04.22_Sentencia_R-404-2023.pdf","5278.5"
"R-405-2023","2TA","definitiva","2023","2024.07.03_Sentencia_R-405-2023.pdf","1055.2"
"R-406-2023","2TA","definitiva","2023","2024.10.29_Sentencia_R-406-2023.pdf","3366.9"
"R-407-2023","2TA","definitiva","2023","2024.05.27_Sentencia_R-407-2023.pdf","1350.2"
"R-408-2023","2TA","definitiva","2023","2024.07.17_Sentencia_R-408-2023.pdf","1175.6"
"R-409-2023","2TA","definitiva","2023","2024.04.15_Sentencia_R-409-2023.pdf","928.5"
"R-412-2023","2TA","definitiva","2023","2024.08.14_Sentencia_R-412-2023.pdf","760.7"
"R-413-2023","2TA","definitiva","2023","2024.07.03_Sentencia_R-413-2023.pdf","994.3"
"R-414-2023","2TA","definitiva","2023","2024.08.27_Sentencia_R-414-2023.pdf","1792.0"
"R-417-2023","2TA","definitiva","2023","2024.08.22_Sentencia_R-417-2023.pdf","947.2"
"R-418-2023","2TA","definitiva","2023","2024.05.27_Sentencia_R-418-2023.pdf","754.1"
"R-424-2023","2TA","definitiva","2023","2024.06.07_Sentencia_R-424-2023.pdf","1376.0"
"R-425-2023","2TA","definitiva","2023","2024.11.06_Sentencia_R-425-2023.pdf","1352.2"
"R-426-2023","2TA","definitiva","2023","Sentencia_R_426-2023.pdf","1820.7"
"R-428-2023","2TA","definitiva","2023","2024.11.07_Sentencia_R-428-2023.pdf","648.1"
"R-431-2023","2TA","definitiva","2023","2025.02.19_Sentencia_R427-2023_R_431-2023.pdf","1112.8"
"R-432-2023","2TA","definitiva","2023","2024.05.31_Sentencia_R-432-2023.pdf","1404.6"
"R-433-2023","2TA","definitiva","2023","2025.03.19_Sentencia_R-433-2023.pdf","2233.3"
"R-434-2023","2TA","definitiva","2023","2025.03.19_Sentencia_R-434-2023.pdf","1505.7"
"R-435-2023","2TA","definitiva","2023","2024.09.16_Sentencia_R-435-2023.pdf","1654.0"
"R-440-2023","2TA","definitiva","2023","2024.07.17_Sentencia_R-440-2023.pdf","805.1"
"R-441-2023","2TA","definitiva","2023","2025.12.22_Sentencia_R-441-2023.pdf","2568.3"
"R-443-2023","2TA","definitiva","2023","2024.07.17_Sentencia_R-443-2023.pdf","580.0"
"R-450-2024","2TA","definitiva","2024","2024.12.23_Sentencia_R-450-2024.pdf","795.8"
"R-451-2024","2TA","definitiva","2024","2024.11.15_Sentencia_R-451-2024.pdf","879.4"
"R-453-2024","2TA","definitiva","2024","2025.08.29_Sentencia_R-453-2024.pdf","1220.0"
"R-454-2024","2TA","definitiva","2024","2024.11.04_Sentencia_R-454-2024.pdf","778.2"
"R-456-2024","2TA","definitiva","2024","2025.03.27_Sentencia_R-456-2024.pdf","1356.0"
"R-458-2024","2TA","definitiva","2024","2025.04.17_Sentencia_R-458-2024.pdf","1570.8"
"R-459-2024","2TA","definitiva","2024","2025.07.03_Sentencia_R-459-2024.pdf","3257.1"
"R-460-2024","2TA","definitiva","2024","2026.01.06_Sentencia_R-460-2024.pdf","827.4"
"R-463-2024","2TA","definitiva","2024","2025.07.07_Sentencia_R-463-2024.pdf","1771.1"
"R-464-2024","2TA","definitiva","2024","2025.05.16_Sentencia_R-464-2024.pdf","1875.0"
"R-465-2024","2TA","definitiva","2024","2025.10.30_Sentencia_R-465-2024.pdf","2321.0"
"R-466-2024","2TA","definitiva","2024","2025.03.13_Sentencia_R-466-2024.pdf","715.3"
"R-470-2024","2TA","definitiva","2024","2025.09.17_Sentencia_R-470-2024.pdf","657.1"
"R-478-2024","2TA","definitiva","2024","2025.12.30_Sentencia_R-478-2024.pdf","1276.7"
"R-479-2024","2TA","definitiva","2024","2025.05.29_Sentencia_R-479-2024.pdf","671.9"
"R-481-2024","2TA","definitiva","2024","2025.12.05_Sentencia_R-481-2024_.pdf","3044.1"
"R-482-2024","2TA","definitiva","2024","2025.10.02_Sentencia_R-482-2024.pdf","1058.3"
"R-483-2024","2TA","definitiva","2024","2025.08.29_Sentencia_R-483-2024.pdf","2076.4"
"R-485-2024","2TA","definitiva","2024","2025.12.16_Sentencia_R-485-2024.pdf","736.0"
"R-489-2024","2TA","definitiva","2024","2025.12.16_Sentencia_R-489-2024.pdf","1099.6"
"R-493-2024","2TA","definitiva","2024","2025.12.16_Sentencia_R-493-2024.pdf","872.0"
"R-494-2025","2TA","definitiva","2025","2025.12.22._Sentencia_R-494-2025.pdf","1621.6"
"R-498-2025","2TA","definitiva","2025","2025.12.16_Sentencia_R-498-2025.pdf","1213.5"
"R-504-2025","2TA","definitiva","2025","2025.09.15_Sentencia_R-504-2025.pdf","1424.0"
"R-506-2025","2TA","definitiva","2025","2025.08.25_Sentencia_R-506-2025.pdf","770.9"
"R-518-2025","2TA","definitiva","2025","2025.12.16_Sentencia_R-518-2025.pdf","1184.8"
"R-520-2025","2TA","definitiva","2025","2025.12.16_Sentencia_R-520-2025.pdf","988.8"
"R-521-2025","2TA","definitiva","2025","2025.12.23_Sentencia_R-521-2025.pdf","396.5"
"R-522-2025","2TA","definitiva","2025","2025.09.30_Sentencia_R-522-2025.pdf","1117.7"
"R-528-2025","2TA","definitiva","2025","2025.12.19_Sentencia_R-528-2025.pdf","694.3"
"R-533-2025","2TA","definitiva","2025","2025.12.16_Sentencia_R-533-2025.pdf","814.3"
"R-2-2014","3TA","definitiva","2014","Sentencia-R-2-2014-edit.pdf","9889.2"
"R-3-2014","3TA","definitiva","2014","Sentencias-definitiva-R-3-2014.pdf","815.4"
"R-5-2014","3TA","definitiva","2014","Sentencia-definitiva-R-5-2014.pdf","729.3"
"R-6-2014","3TA","definitiva","2014","Sentencia R-6-2014.pdf","11025.6"
"R-9-2014","3TA","definitiva","2014","Sentencia-definitiva-R-9-2014.pdf","416.7"
"R-10-2015","3TA","definitiva","2015","Sentencia-definitiva-R-10-2015.pdf","572.4"
"R-11-2015","3TA","definitiva","2015","Sentencia-definitiva-R-11-2015.pdf","1254.1"
"R-13-2015","3TA","definitiva","2015","Sentencia-R-13-2015.pdf","2385.1"
"R-15-2015","3TA","definitiva","2015","Sentencia-R-15-2015.pdf","8994.1"
"R-16-2015","3TA","definitiva","2015","Sentencia-R-16-2015-edit.pdf","3008.2"
"R-17-2015","3TA","definitiva","2015","Sentencia-C.Suprema-R-17-2015.pdf","468.7"
"R-20-2015","3TA","definitiva","2015","Sentencia-R-20-2015.pdf","9025.8"
"R-21-2015","3TA","definitiva","2015","Sentencia-Corte-Suprema-R-21-2015.pdf","460.8"
"R-22-2015","3TA","definitiva","2015","Sentencia-R-22-2015.pdf","6158.6"
"R-23-2015","3TA","definitiva","2015","Sentencia-definitiva-R-23-2015.pdf","3278.1"
"R-23-2016","3TA","casacion","2016","Sentencia-casación-R-23-2016.pdf","369.7"
"R-25-2016","3TA","definitiva","2016","Sentencia definitiva R-25-2016.pdf","19493.3"
"R-28-2016","3TA","definitiva","2016","Sentencia-C.Suprema-R-28-2016.pdf","159.6"
"R-31-2016","3TA","definitiva","2016","Sentencia-R-31-2016.pdf","3443.7"
"R-35-2016","3TA","definitiva","2016","SENTENCIA-R-35-2016.pdf","8816.8"
"R-36-2016","3TA","definitiva","2016","Sentencia-Corte-Suprema-R-36-2016.pdf","245.3"
"R-38-2016","3TA","definitiva","2016","sentencia-R-38-2016.pdf","9124.3"
"R-41-2016","3TA","definitiva","2016","Sentencia-R-41-2016.pdf","7150.6"
"R-44-2016","3TA","definitiva","2016","sentencia_R-44-2016.pdf","10431.4"
"R-45-2016","3TA","definitiva","2016","Sentencia_R-45-2016.pdf","980.4"
"R-46-2017","3TA","definitiva","2017","Sentencia-R-46-2017.pdf","7707.2"
"R-47-2017","3TA","definitiva","2017","Sentencia-R-47-2017.pdf","6627.6"
"R-50-2017","3TA","definitiva","2017","Sentencia_R-50-2017.pdf","7599.3"
"R-53-2017","3TA","definitiva","2017","Sentencia_definitiva-R-53-2017.pdf","6619.8"
"R-54-2017","3TA","definitiva","2017","Sentencia-R-54-2017-1.pdf","3928.0"
"R-60-2017","3TA","casacion","2017","Sentencia-casacion-R-60-2017.pdf","192.3"
"R-63-2018","3TA","definitiva","2018","Sentencia_R_63_2018-1.pdf","5054.1"
"R-64-2018","3TA","casacion","2018","R-64-2018-Sentencia-casacion-C.Suprema.pdf","284.5"
"R-67-2018","3TA","definitiva","2018","R67_2018_Sentencia.pdf","5018.4"
"R-68-2018","3TA","definitiva","2018","R68_2018_Sentencia.pdf","5018.4"
"R-70-2018","3TA","definitiva","2018","R70_2018_Sentencia_definitiva.pdf","6046.6"
"R-74-2018","3TA","definitiva","2018","R74_2018_Sentencia_definitiva-1.pdf","11254.9"
"R-76-2018","3TA","definitiva","2018","Sentencia-R-76-2018.pdf","7337.3"
"R-77-2018","3TA","definitiva","2018","Sentencia-R-77-2018.pdf","62593.8"
"R-78-2018","3TA","definitiva","2018","R78_2018_Sentencia_definitiva.pdf","15266.4"
"R-2-2019","3TA","definitiva","2019","R2_2019_Sentencia_definitiva.pdf","6696.1"
"R-3-2019","3TA","definitiva","2019","Sentencia-definitiva-R-3-2019.pdf","8996.0"
"R-4-2019","3TA","definitiva","2019","Sentencia-definitiva-R-4-2019.pdf","9189.1"
"R-5-2019","3TA","definitiva","2019","Sentencia-R-5-2019.pdf","6817.7"
"R-7-2019","3TA","definitiva","2019","Sentencia-R-7-2019-290120.pdf","14863.6"
"R-8-2019","3TA","definitiva","2019","Sentencia-R-8-2019.pdf","5330.8"
"R-9-2019","3TA","definitiva","2019","Sentencia-R-9-2019.pdf","14586.4"
"R-16-2019","3TA","definitiva","2019","R-16-2019-sentencia-definitiva.pdf","535.4"
"R-18-2019","3TA","definitiva","2019","Sentencia_R-18-2019.pdf","576.9"
"R-19-2019","3TA","definitiva","2019","Sentencia-Definitiva-R-19-2019.pdf","750.7"
"R-20-2019","3TA","definitiva","2019","Sentencia_R-20-2019-VF.pdf","738.1"
"R-21-2019","3TA","definitiva","2019","Sentencia-C.Suprema-91622-2021-R-21-2019-3TA.pdf","405.2"
"R-25-2019","3TA","definitiva","2019","Sentencia-Corte-Suprema-R-25-2019.pdf","229.8"
"R-26-2019","3TA","definitiva","2019","R-26-2019_sentencia.pdf","373.0"
"R-27-2019","3TA","definitiva","2019","Sentencia-R-27-2019.pdf","3986.2"
"R-28-2019","3TA","definitiva","2019","Sentencia_R-28-2019.pdf","458.3"
"R-1-2020","3TA","definitiva","2020","Sentencia-C.Suprema-91629-2021-R-1-2020-3TA-1.pdf","227.8"
"R-2-2020","3TA","definitiva","2020","Sentencia-R-2-2020.pdf","308.6"
"R-3-2020","3TA","definitiva","2020","Sentencia-complementaria-3TA-R-3-2020.pdf","333.0"
"R-5-2020","3TA","definitiva","2020","Sentencia-R-5-2020.pdf","2147.9"
"R-6-2020","3TA","definitiva","2020","Sentencia-C.Suprema-92081-2021-R-6-2020-3TA.pdf","271.1"
"R-8-2020","3TA","definitiva","2020","R-8-2020-sentencia-definitiva-160920.pdf","368.8"
"R-9-2020","3TA","definitiva","2020","Sentencia-R-9-2020.pdf","350.5"
"R-10-2020","3TA","definitiva","2020","Sentencia-CS-ROL_N_9103_2024.-R-10-2020.pdf","18086.1"
"R-11-2020","3TA","definitiva","2020","Sentencia_Definitiva_R-11-2020_.pdf","741.9"
"R-13-2020","3TA","definitiva","2020","R-13-2020_sentencia.pdf","2257.3"
"R-14-2020","3TA","definitiva","2020","R-14-2020-sentencia-final-rev.pdf","1484.4"
"R-15-2020","3TA","definitiva","2020","Sentencia-R-15-2020.pdf","563.8"
"R-19-2020","3TA","definitiva","2020","Sentencia-definitiva-R-19-2020.pdf","582.9"
"R-20-2020","3TA","definitiva","2020","Sentencia-3TA-R-20-2020-08.02.2024.pdf","1787.8"
"R-22-2020","3TA","definitiva","2020","Sentencia_R-22-2020_.pdf","328.3"
"R-23-2020","3TA","definitiva","2020","Sentencia_R-23-2020.pdf","330.9"
"R-24-2020","3TA","definitiva","2020","R-24-2020_sentencia.pdf","309.6"
"R-26-2020","3TA","definitiva","2020","Sentencia-R-26-2020.pdf","9338.1"
"R-27-2020","3TA","definitiva","2020","Sistesis-sentencia-R-27-2020.pdf","99.4"
"R-28-2020","3TA","definitiva","2020","Sentencia-R-28-2020.pdf","436.7"
"R-29-2020","3TA","definitiva","2020","Sentencia-3TA-R-29-2020-R-30-2020.pdf","4327.0"
"R-32-2020","3TA","definitiva","2020","R32-2020_sentencia_definitiva_.pdf","758.0"
"R-33-2020","3TA","definitiva","2020","Sentencia_R-33-2020.pdf","418.6"
"R-34-2020","3TA","definitiva","2020","R-34-2020__sentencia_14.5.2021_final_28129.pdf","321.0"
"R-35-2020","3TA","definitiva","2020","Sentencia-3TA-R-35-2020.pdf","70801.7"
"R-36-2020","3TA","definitiva","2020","Sentencia-Definitiva-R-36-2020.pdf","442.3"
"R-38-2020","3TA","definitiva","2020","Sentencia-3TA-R-38-2020.pdf","15379.6"
"R-39-2020","3TA","definitiva","2020","sentencia_R_39_2020_15.12.2021.pdf","1785.2"
"R-40-2020","3TA","definitiva","2020","R-40-2020_sentencia_definitiva.pdf","11196.5"
"R-41-2020","3TA","definitiva","2020","Sentencia-3TA-R-41-2020.pdf","306.9"
"R-43-2020","3TA","definitiva","2020","R-43-2020_sentencia_19.5.2021.pdf","578.4"
"R-44-2020","3TA","definitiva","2020","sentencia_R_44_2020_.pdf","386.5"
"R-1-2021","3TA","definitiva","2021","Sentencia-3TA-R-1-2021.pdf","1296.9"
"R-2-2021","3TA","definitiva","2021","Sentencia-Definitiva-R-2-2021.pdf","336.6"
"R-3-2021","3TA","definitiva","2021","Sentencia-R-3-2021-3TA.pdf","366.5"
"R-4-2021","3TA","definitiva","2021","sentencia_R_4_2021_73202.pdf","445.2"
"R-5-2021","3TA","definitiva","2021","Sentencia-3TA-R-5-2021.pdf","577.3"
"R-6-2021","3TA","definitiva","2021","Sentencia-definitiva-R-6-2021.pdf","1302.6"
"R-7-2021","3TA","definitiva","2021","sentencia_R_7_2021_1.12.2021.pdf","406.4"
"R-8-2021","3TA","definitiva","2021","Sentencia-CS-suprema-Rol-R-8-20214.pdf","988.2"
"R-9-2021","3TA","definitiva","2021","Sentencia-R-9-2021.pdf","8798.7"
"R-11-2021","3TA","definitiva","2021","Sentencia-R-11-2021-3TA.pdf","1033.7"
"R-14-2021","3TA","definitiva","2021","R-14-2021-sentencia.pdf","343.9"
"R-15-2021","3TA","definitiva","2021","sentencia-R-15-2021.pdf","1053.4"
"R-16-2021","3TA","definitiva","2021","Sentencia-3TA-R-16-2021-R-17-2021.pdf","1696.8"
"R-18-2021","3TA","definitiva","2021","Sentencia-R-18-2021-3TA.pdf","737.8"
"R-19-2021","3TA","definitiva","2021","Sentencia-3TA-R-19-2021-25.10.23-68-P.pdf","675.3"
"R-21-2021","3TA","definitiva","2021","Sentencia-3TA-R-21-2021-14.08.2023-149-p.pdf","1743.6"
"R-22-2021","3TA","definitiva","2021","Sentencia-Definitiva-3TA-R-22-2021.pdf","1008.2"
"R-25-2021","3TA","definitiva","2021","Sentencia-R-25-2021-3tTA.pdf","1003.4"
"R-26-2021","3TA","definitiva","2021","Sentencia-R-26-2021-3TA.pdf","350.8"
"R-27-2021","3TA","definitiva","2021","Sentencia-R-27-2021.pdf","366.8"
"R-28-2021","3TA","definitiva","2021","Sentencia-3TA-R-28-2021-30.10.23-62-P.pdf","2039.1"
"R-29-2021","3TA","definitiva","2021","Sentencia-3TA-R-29-2021-04.08.2023.pdf","4973.9"
"R-33-2021","3TA","definitiva","2021","Sentencia-3TA-R-33-2021-13.02.2024.pdf","329.3"
"R-34-2021","3TA","definitiva","2021","Sentencia-3TA-R-34-2021-06.12.23-72-P.pdf","624.1"
"R-35-2021","3TA","definitiva","2021","Sentencia-3TA-R-35-2021-28.12.23-93-P.pdf","2763.5"
"R-36-2021","3TA","definitiva","2021","Sentencia-3TA-R-36-2021-28.12.23-19-P.pdf","344.8"
"R-37-2021","3TA","definitiva","2021","Sentencia-3TA-R-37-2021.pdf","807.6"
"R-39-2021","3TA","definitiva","2021","Sentencia-definitiva-3TA-R-39-2021-02.05.2023.pdf","450.6"
"R-1-2022","3TA","definitiva","2022","Sentencia-3TA-R-1-2022.pdf","1910.4"
"R-3-2022","3TA","definitiva","2022","Sentencia-3TA-R-3-2022-06.06.2023.pdf","987.7"
"R-4-2022","3TA","definitiva","2022","Sentencia-3TA-R-4-2022.pdf","1717.8"
"R-5-2022","3TA","definitiva","2022","Sentencia-3TA-R-5-2022-07.11.23-49-P.pdf","291.5"
"R-6-2022","3TA","definitiva","2022","Sentencia-3TA-R-6-2022-23.03.2023.pdf","1509.2"
"R-10-2022","3TA","definitiva","2022","Sentencia-R-10-2022.pdf","742.6"
"R-12-2022","3TA","definitiva","2022","Sentencia-3TA-R-12-2022-28.06.2023.pdf","1079.3"
"R-15-2022","3TA","definitiva","2022","Sentencia-3TA-R-15-2022-17.05.2023.pdf","1729.0"
"R-21-2022","3TA","definitiva","2022","sentencia-R-21-2022-3TA.pdf","343.8"
"R-24-2022","3TA","definitiva","2022","Sentencia-3TA-R-24-2022-19.07.2023.pdf","1803.9"
"R-25-2022","3TA","definitiva","2022","Sentencia-3TA-R-25-2022-05.06.2023.pdf","2268.8"
"R-28-2022","3TA","definitiva","2022","Sentencia-3TA-R-28-2022.pdf","1626.4"
"R-30-2022","3TA","definitiva","2022","Sentencia-3TA-R-30-2022-31.01.2024.pdf","1129.2"
"R-31-2022","3TA","definitiva","2022","Sentencia-3TA-R-31-2022-27.07.2023.pdf","2990.5"
"R-39-2022","3TA","definitiva","2022","Sentencia-3TA-R-39-2022-07.08.2023-72-p.pdf","620.8"
"R-40-2022","3TA","definitiva","2022","Sentencia-3TA-R-40-2022-25.04.2023-1.pdf","1952.6"
"R-44-2022","3TA","definitiva","2022","Sentencia-3TA-R-44-2022-27.07.2023.pdf","559.2"
"R-47-2022","3TA","definitiva","2022","Sentencia-3TA-R-47-2022-31.01.2023.pdf","942.3"
"R-48-2022","3TA","definitiva","2022","Sentencia-3TA-R-48-2022-17.10.2023-52P.pdf","354.7"
"R-49-2022","3TA","definitiva","2022","Sentencia-3TA-R-49-2022-16.11.23-60-P.pdf","1196.4"
"R-50-2022","3TA","definitiva","2022","Sentencia-3TA-R-50-2022-03.11.23-56-P.pdf","383.1"
"R-51-2022","3TA","definitiva","2022","Sentencia-3TA-R-51-2022-22.12.23-53-P.pdf","697.3"
"R-54-2022","3TA","definitiva","2022","Sentencia-3TA-R-54-2022.pdf","286.2"
"R-56-2022","3TA","definitiva","2022","Sentencia-R-56-2022.pdf","789.0"
"R-64-2022","3TA","definitiva","2022","Sentencia-3TA-R-64-2022-11.12.23-32-P.pdf","817.9"
"R-67-2022","3TA","definitiva","2022","Sentencia-3TA-R-67-2022-25.04.2023-1.pdf","296.7"
"R-69-2022","3TA","definitiva","2022","Sentencia-3TA-R-69-2022-27.03.2023.pdf","345.2"
"R-71-2022","3TA","definitiva","2022","Sentencia-3TA-R-71-2022-28.12.23-52-P.pdf","404.4"
"R-1-2023","3TA","definitiva","2023","Sentencia_R_1_2023_HU_Ovejeria.pdf","1418.1"
"R-2-2023","3TA","definitiva","2023","Sentencia-3TA-R-2-2023-03.05.2023.pdf","378.1"
"R-3-2023","3TA","definitiva","2023","R3-2023_sentencia_definitiva_.pdf","437.4"
"R-4-2023","3TA","definitiva","2023","Sentencia-3TA-R-4-2023-06.04.2023.pdf","282.8"
"R-5-2023","3TA","definitiva","2023","Sentencia-3TA-R-5-2023-30.11.23-39-P.pdf","452.6"
"R-6-2023","3TA","definitiva","2023","Sentencia-3TA-R-6-2023-11.10.2023-20P.pdf","302.8"
"R-7-2023","3TA","definitiva","2023","Sentencia-3TA-R-7-2023-17.11.23-32-P.pdf","276.1"
"R-9-2023","3TA","definitiva","2023","Sentencia-3TA-R-9-2023-17.10.23-18-P.pdf","337.4"
"R-10-2023","3TA","definitiva","2023","Sentencia-3TA-R-10-2023-27.09.2023-17-P.pdf","302.1"
"R-11-2023","3TA","definitiva","2023","Sentencia-3TA-R-11-2023-21.11.23-33-P.pdf","269.6"
"R-12-2023","3TA","definitiva","2023","Sentencia-3TA-R-12-2023-12.09.2023-15-P.pdf","290.1"
"R-13-2023","3TA","definitiva","2023","Sentencia-3TA-R-13-2023-28.07.2023-9-p.-1-1.pdf","265.8"
"R-14-2023","3TA","definitiva","2023","Sentencia-3TA-R-14-2023-28.07.2023-9-p.pdf","264.3"
"R-15-2023","3TA","definitiva","2023","Sentencia-3TA-R-15-2023-13.07.2023.pdf","289.7"
"R-17-2023","3TA","definitiva","2023","Sentencia_R_17_2023.pdf","802.8"
"R-18-2023","3TA","definitiva","2023","Sentencia-R-18-2023-VF.pdf","2386.4"
"R-19-2023","3TA","definitiva","2023","R192023_sentencia_definitiva_432024.pdf","1371.1"
"R-21-2023","3TA","definitiva","2023","Sentencia-3TA-R-21-2023-23.02.2024.pdf","1253.4"
"R-22-2023","3TA","definitiva","2023","Sentencia-3TA-R-22-2023-05.10.2023-14-P.pdf","303.0"
"R-28-2023","3TA","definitiva","2023","Sentencia-definitiva-R-28-2023.pdf","367.9"
"R-29-2023","3TA","definitiva","2023","R292023_sentencia_definitiva_132025.pdf","2316.0"
"R-31-2023","3TA","definitiva","2023","Sentencia_R_31_2023_R_32_2023_.pdf","1113.5"
"R-33-2023","3TA","definitiva","2023","Sentencia_R_33_2023.pdf","365.3"
"R-35-2023","3TA","definitiva","2023","R_35_2023_sentencia.pdf","384.5"
"R-36-2023","3TA","definitiva","2023","R36-2023_sentencia_definitiva_312024.pdf","384.2"
"R-37-2023","3TA","definitiva","2023","sentencia_R_37_2023.pdf","1146.9"
"R-38-2023","3TA","definitiva","2023","Sentencia-3TA-R_38_2023.pdf","706.4"
"R-246935-2023","3TA","definitiva","2023","SENTENCIA_DE_REMPLAZO_ROL_N_246935_2023.pdf","5965.4"
"R-6-2024","3TA","definitiva","2024","Sentencia_R_6_2024.pdf","297.1"
"R-7-2024","3TA","definitiva","2024","R-7-2024_sentencia_definitiva_212025.pdf","523.0"
"R-8-2024","3TA","definitiva","2024","R82024_sentencia_definitiva_12025.pdf","819.8"
"R-9-2024","3TA","definitiva","2024","R_9_2024_Sentencia.pdf","294.7"
"R-11-2024","3TA","definitiva","2024","sentencia-R-11-2024.pdf","1553.0"
"R-13-2024","3TA","definitiva","2024","R132024_sentencia_definitiva_.pdf","596.1"
"R-14-2024","3TA","definitiva","2024","R14-2024_sentencia.pdf","309.1"
"R-20-2024","3TA","definitiva","2024","R_20_2024_sentencia_.pdf","588.5"
"R-23-2024","3TA","definitiva","2024","Sentencia_R_23_2024.pdf","333.6"
"R-25-2024","3TA","definitiva","2024","sentencia-Rol-R-25-2024.pdf","733.0"
"R-29-2024","3TA","definitiva","2024","R292024_sentencia_definitiva_3172025.pdf","846.7"
"R-32-2024","3TA","definitiva","2024","sentencia_R_32_2024F_firmado.pdf","695.2"
"R-33-2024","3TA","definitiva","2024","Sentencia-R-33-2024.pdf","628.8"
"R-34-2024","3TA","definitiva","2024","R342024_sentencia_definitiva_1472025.pdf","2661.3"
"R-36-2024","3TA","definitiva","2024","Sentencia-R-36-2024.pdf","1001.2"
"R-40-2024","3TA","definitiva","2024","Sentencia_R_40_2024.pdf","253.2"
"R-1-2025","3TA","definitiva","2025","Sentencia-definitiva-R-1-2025.pdf","447.3"
"R-2-2025","3TA","definitiva","2025","R-2-2025_sentencia_definitiva__firmado.pdf","1231.9"
"R-5-2025","3TA","definitiva","2025","Sentencia_R-5-2025.pdf","590.6"
"R-8-2025","3TA","definitiva","2025","sentencia_definitiva-R-8-2025.pdf","723.2"
"R-9-2025","3TA","definitiva","2025","sentencia_R_9_2025.pdf","348.4"
"R-10-2025","3TA","definitiva","2025","Sentencia_R_10_2025_HU_Maip_de_OHigins_1_2__firmado.pdf","522.3"
"R-18-2025","3TA","definitiva","2025","R_18_2025_Proyecto_sentencia_Huilines_3_1_Fclm_firmado.pdf","759.0"
"R-20-2025","3TA","definitiva","2025","R_20_2025_proyecto_sentencia_Huilines_2-Fclm_firmado-1.pdf","839.8"
"R-29-2025","3TA","definitiva","2025","Sentencia-R-29-2025.pdf","614.6"
