filename,tribunal,tipo,rol,año,size_kb
"SentenciaD-17-2022_foleado.pdf","1TA","definitiva","","","4082.5"
"Boletin-de-Sentencias-2022.pdf","1TA","definitiva","","","86314.7"
"Boletin-de-Sentencias-2021.pdf","1TA","definitiva","","","33221.8"
"Boletin-de-Sentencias-2019.pdf","1TA","definitiva","","","11518.9"
"Boletin-de-Sentencias-2018.pdf","1TA","definitiva","","","3955.2"
"Boletin-de-Sentencias-Sentencias-2021-1.pdf","1TA","definitiva","","","86314.7"
"Boletin-de-Sentencias-Sentencias-2020-3.pdf","1TA","definitiva","","","33221.8"
"Boletin-de-Sentencias-Sentencias-2021.pdf","1TA","definitiva","","","86314.7"
"Boletín-de-Sentencias-Sentencias-2020-1TA.pdf","1TA","definitiva","","","17292.8"
"Boletín-de-Sentencias-Sentencias-2019-1TA.pdf","1TA","definitiva","","","11518.9"
"Boletin_Sentencias_2019_1TA.pdf","1TA","definitiva","","","11518.9"
"Boleti_n-de-Sentencias-Sentencias-2018-1TA-1-1.pdf","1TA","definitiva","","","3955.2"
"Boleti_n-de-Sentencias-Sentencias-2018-1TA-1.pdf","1TA","definitiva","","","3955.2"
"sentencias.pdf","1TA","definitiva","","","68.6"
"sentencias.xlsx","1TA","definitiva","","","15.5"
"Boletín-de-Sentencias-Sentencias-2018-1TA-1-1.pdf","1TA","definitiva","","","3955.2"
"Boletín-de-Sentencias-Sentencias-2018-1TA-1.pdf","1TA","definitiva","","","3955.2"
"Sentencia_R-5-2018_acum__R-6-2018.pdf","1TA","definitiva","R-5-2018","2018","1749.5"
"SentenciaR-92-2023.pdf","1TA","definitiva","R-92-2023","2023","4195.7"
"sentencia-R-100-2024.pdf","1TA","definitiva","R-100-2024","2024","2048.7"
"Sentencia_R_426-2023.pdf","2TA","definitiva","","","1820.7"
"2024.02.26_Sentencia_R-271_270-2020.pdf","2TA","definitiva","","","1784.4"
"Sentencia_R_352-2022.pdf","2TA","definitiva","","","1423.7"
"Sentencia_R_N_240-2020.-1.pdf","2TA","definitiva","","","2420.8"
"2023.01.30_Sentencia_R_316-2021_acumulada_R_317-2021.pdf","2TA","definitiva","","","1719.5"
"2023.01.30_Sentencia_R-289-290_.pdf","2TA","definitiva","","","3542.6"
"2022.11.09_Sentencia_R_295-2021.pdf","2TA","definitiva","","","900.7"
"2022.10.24_Sentencia_R-297-298-299.pdf","2TA","definitiva","","","1775.1"
"2022.10.05_Sentencia_R-310_311-2021.pdf","2TA","definitiva","","","1284.9"
"2022.06.28_Sentencia_R-232_y_276.pdf","2TA","definitiva","","","1341.4"
"Sentencia_R_231-2020-25.11.2021.pdf","2TA","definitiva","","","2313.0"
"1085-2022-Sentencia-de-reemplazo.pdf","2TA","reemplazo","","","149.7"
"Sentencia-CS-Inmobiliaria-Laderas-Ladomar-S.A.-con-SMA.pdf","2TA","definitiva","","","142.2"
"Sentencia_R_237-2020-13.05.2021.pdf","2TA","definitiva","","","17549.4"
"Sentencia_R_208-2019-14.04.2021.pdf","2TA","definitiva","","","19872.3"
"Sentencia_R_226-2020-09.04.2021.pdf","2TA","definitiva","","","13009.9"
"Sentencia_R_219-2019-05-04-2021.pdf","2TA","definitiva","","","22058.5"
"Sentencia_Corte-Suprema_63341-2020_2TA-174-2018.pdf","2TA","definitiva","","","419.0"
"Sentencia_Corte-Suprema_29065-2019_2TA-164-2017.pdf","2TA","definitiva","","","270.9"
"Sentencia_reemplazo-Corte-Suprema_29065-2019_2TA-164-2017.pdf","2TA","reemplazo","","","160.1"
"Sentencia_Corte-Suprema_8573-2019_2TA-141-2017.pdf","2TA","definitiva","","","307.2"
"Sentencia_reemplazo-Corte-Suprema_8573-2019_2TA-141-2017.pdf","2TA","reemplazo","","","149.6"
"Sentencia-Casación-28207_2018.pdf","2TA","casacion","","","156.3"
"Sentencia_Casacion_16561-2018-Maitencillo-Sur.pdf","2TA","casacion","","","239.8"
"Sentencia_casación_9197-2018_TA-107-2016_CardonesPolpaico.pdf","2TA","casacion","","","160.4"
"Sentencia-CS-3682-2017-Ecomaule.pdf","2TA","definitiva","","","187.9"
"Sentencia-CS-rechaza-casaciones-caso-DS-40-Rol-CS-258-2017-Rol-TA-73-2015.pdf","2TA","casacion","","","233.5"
"Sentencia-acoge-casación-ATI.-Rol-CS-88948-2016.pdf","2TA","casacion","","","288.5"
"Sentencia-de-reemplazo-ATI.-Rol-CS-88948-2016.pdf","2TA","reemplazo","","","199.7"
"2025.12.22_Sentencia_D-45-2019.pdf","2TA","definitiva","","","3272.4"
"2024-12-27_Sentencia_D-71-2022.pdf","2TA","definitiva","","","4273.4"
"2024-12-16_Sentencia_D-74-2022.pdf","2TA","definitiva","","","3047.6"
"Sentencia_D-68-2022.pdf","2TA","definitiva","","","2023.6"
"2024.03.28_Sentencia_D-78-2022.pdf","2TA","definitiva","","","798.7"
"Sentencia_Corte-Suprema_Rol-31.124-2021_2TA_D-37-2017.pdf","2TA","definitiva","","","145.1"
"Sentencia_Corte-Suprema_79079-2020_2TA-D-39-2017.pdf","2TA","definitiva","","","166.9"
"Sentencia-D-32-2016.pdf","2TA","definitiva","","","1281.0"
"D-26-2016-23-11-2018-Sentencia.pdf","2TA","definitiva","","","3240.8"
"D-27-2016-22-11-2018-Sentencia.pdf","2TA","definitiva","","","10673.6"
"D-36-2017-28-06-2018-Sentencia.pdf","2TA","definitiva","","","1045.6"
"Sentencia_CS-60804-2021_2TA_D-36-2017-1.pdf","2TA","definitiva","","","168.5"
"D-23-2016-11-05-2018-Sentencia.pdf","2TA","definitiva","","","20971.0"
"Sentencia-CS-15247_2018_D-23-2016.pdf","2TA","definitiva","","","237.6"
"D-25-2016-29-03-2018-Sentencia.pdf","2TA","definitiva","","","2415.6"
"D-13-2014-13-03-2018-Sentencia.pdf","2TA","definitiva","","","4536.5"
"CS_13177-2018_2TA_D-13-2014_Sentencia.pdf","2TA","definitiva","","","265.4"
"CS_13177-2018_2TA_D-13-2014_Sentencia-reemplazo.pdf","2TA","reemplazo","","","175.1"
"D-28-2016-31-07-2017-Sentencia.pdf","2TA","definitiva","","","4332.9"
"Sentencia-CS-acoge-casación-forma-caso-Inversiones-Las-Agatas-con-malhue-Gross-41417-2017-D-28-2016.pdf","2TA","casacion","","","192.7"
"D-17-2015-07-07-2017-Sentencia.pdf","2TA","definitiva","","","1912.5"
"D-24-2016-27-04-2017-Sentencia.pdf","2TA","definitiva","","","3636.8"
"D-15-2015-06-01-2017-Sentencia.pdf","2TA","definitiva","","","1966.8"
"D-14-2014-24-08-2016-Sentencia.pdf","2TA","definitiva","","","2823.0"
"D-03-2013-10-04-2015-Sentencia-foliada.pdf","2TA","definitiva","","","4069.0"
"Sentencia-Casacion-D-3-2014_Copaquilla.doc","2TA","casacion","","","24.5"
"D-02-2013-20-03-2015-Sentencia.pdf","2TA","definitiva","","","1407.8"
"D-09-2014-26-01-2015-Sentencia.pdf","2TA","definitiva","","","771.0"
"Sentencia-Casacion_D-9-2014_Catemu.pdf","2TA","casacion","","","26.4"
"D-06-2013-29-11-2014-Sentencia-Foliada.pdf","2TA","definitiva","","","1895.3"
"C-04-2015-08-09-2015-Sentencia.pdf","2TA","definitiva","","","338.3"
"C-02-2013-29-07-2013-Sentencia.pdf","2TA","definitiva","","","89.1"
"C-02-2013-11-11-2013-Sentencia-1.pdf","2TA","definitiva","","","70.7"
"C-01-2013-29-07-2013-Sentencia.pdf","2TA","definitiva","","","75.3"
"2025.04.11_Sentencia_S-86-2025.pdf","2TA","definitiva","","","235.2"
"2025.03.25_Sentencia_S-85-2025.pdf","2TA","definitiva","","","232.1"
"2025.02.20_Sentencia_S-84-2025.pdf","2TA","definitiva","","","240.0"
"2023.12.15_Sentencia_S-81-2023.pdf","2TA","definitiva","","","652.2"
"2023.11.09_Sentencia_S-80-2023.pdf","2TA","definitiva","","","147.1"
"Sentencia-Casación-28207_2018.pdf","2TA","casacion","","","156.3"
"Sentencia_casación_9197-2018_TA-107-2016_CardonesPolpaico.pdf","2TA","casacion","","","160.4"
"Sentencia-acoge-casación-ATI.-Rol-CS-88948-2016.pdf","2TA","casacion","","","288.5"
"Sentencia.pdf","2TA","definitiva","","","82.5"
"R-02-2013-01-10-2013-Sentencia.pdf","2TA","definitiva","R-02-2013","2013","206.2"
"R-04-2013-09-08-2013-Sentencia.pdf","2TA","definitiva","R-04-2013","2013","578.5"
"R-05-2013-16-08-2013-Sentencia.pdf","2TA","definitiva","R-05-2013","2013","290.2"
"R-05-2013-26-06-2014-Sentencia-de-Reemplazo-Corte-Suprema.pdf","2TA","reemplazo","R-05-2013","2013","268.7"
"R-06-2013-03-03-2014-Sentencia.pdf","2TA","definitiva","R-06-2013","2013","2727.6"
"R-10-2013-19-06-2014-Sentencia.pdf","2TA","definitiva","R-10-2013","2013","567.4"
"R-10-2013_Sentencia-CS-Casacion.doc","2TA","casacion","R-10-2013","2013","72.5"
"R-11-2013-26-06-2014-Sentencia.pdf","2TA","definitiva","R-11-2013","2013","690.6"
"Sentencia_Suprema-R-11-2013.doc","2TA","definitiva","R-11-2013","2013","72.5"
"R-13-2013-17-01-2014-Sentencia.pdf","2TA","definitiva","R-13-2013","2013","537.4"
"R-14-2013-23-04-2014-Sentencia.pdf","2TA","definitiva","R-14-2013","2013","656.3"
"R-15-2013-22-05-2014-Sentencia.pdf","2TA","definitiva","R-15-2013","2013","741.1"
"R-16-2013-18-07-2014-Sentencia.pdf","2TA","definitiva","R-16-2013","2013","149.3"
"Sentencia_Suprema-R-16-2013.doc","2TA","definitiva","R-16-2013","2013","67.5"
"R-20-2014-19-06-2014-Sentencia.pdf","2TA","definitiva","R-20-2014","2014","138.6"
"R-21-2014-28-10-2014-Sentencia.pdf","2TA","definitiva","R-21-2014","2014","150.4"
"R-22-2014-16-12-2014-Sentencia-Definitiva.pdf","2TA","definitiva","R-22-2014","2014","283.4"
"Sentencia_Suprema-R-22-2014.doc","2TA","definitiva","R-22-2014","2014","143.0"
"R-23-2014-12-09-2014-Sentencia.pdf","2TA","definitiva","R-23-2014","2014","873.1"
"Sentencia_Suprema-R-23-2014.doc","2TA","definitiva","R-23-2014","2014","69.5"
"R-24-2014-21-11-2014-Sentencia-foliada.pdf","2TA","definitiva","R-24-2014","2014","834.1"
"Sentencia_Suprema-R-24-2014.doc","2TA","definitiva","R-24-2014","2014","127.5"
"R-26-2014-17-12-2014-Sentencia.pdf","2TA","definitiva","R-26-2014","2014","111.4"
"R-32-2014-25-05-2015-Sentencia-Foleada.pdf","2TA","definitiva","R-32-2014","2014","182.7"
"R-33-2014_Sentencia.pdf","2TA","definitiva","R-33-2014","2014","1388.5"
"R-34-2014-02-07-2015-Sentencia.pdf","2TA","definitiva","R-34-2014","2014","132.1"
"R-35-2014-18-02-2016-Sentencia.pdf","2TA","definitiva","R-35-2014","2014","3127.1"
"R-35-2014_sentencia-CS.pdf","2TA","definitiva","R-35-2014","2014","603.5"
"R-35-2014_sentencia_reemplazo_CS.pdf","2TA","reemplazo","R-35-2014","2014","511.4"
"R-38-2014-07-05-2015-Sentencia.pdf","2TA","definitiva","R-38-2014","2014","1732.3"
"R-39-2014-15-10-15-Sentencia.pdf","2TA","definitiva","R-39-2014","2014","84.9"
"Sentencia-Casacion-R-39-2014.doc","2TA","casacion","R-39-2014","2014","58.5"
"Sentencia-R-40-2014-Comunicaciones.pdf","2TA","definitiva","R-40-2014","2014","10202.1"
"R-44-2014-04-12-2015-Sentencia.pdf","2TA","definitiva","R-44-2014","2014","1804.3"
"R-48-2014-29-01-2016-Sentencia.pdf","2TA","definitiva","R-48-2014","2014","2065.2"
"Sentencia-Casacion-R-48-2014.doc","2TA","casacion","R-48-2014","2014","23.0"
"R-51-2014-08-06-2016-Sentencia.pdf","2TA","definitiva","R-51-2014","2014","2105.1"
"R-53-2014-26-08-2015-Sentencia.pdf","2TA","definitiva","R-53-2014","2014","975.4"
"Sentencia-Corte-Suprema-R-53-2014.pdf","2TA","definitiva","R-53-2014","2014","466.8"
"Sentencia-Reemplazo-CS-R-53-2014.pdf","2TA","reemplazo","R-53-2014","2014","475.1"
"R-54-2014-01-12-2015-Sentencia.pdf","2TA","definitiva","R-54-2014","2014","517.9"
"Sentencia-Casacion-R-54-2014.doc","2TA","casacion","R-54-2014","2014","55.5"
"R-58-2015-15-10-2015-Sentencia.pdf","2TA","definitiva","R-58-2015","2015","530.4"
"R-62-2015-29-02-2016-Sentencia.pdf","2TA","definitiva","R-62-2015","2015","730.4"
"Sentencia-Casacion-R-62-2015.doc","2TA","casacion","R-62-2015","2015","23.0"
"R-63-2015-21-04-2016-Sentencia.pdf","2TA","definitiva","R-63-2015","2015","893.3"
"R-67-2015-31-01-2017-Sentencia.pdf","2TA","definitiva","R-67-2015","2015","1122.9"
"R-68-2015-22-07-2016-Sentencia.pdf","2TA","definitiva","R-68-2015","2015","840.8"
"R-72-2015-12-06-2017-Sentencia.pdf","2TA","definitiva","R-72-2015","2015","2820.1"
"R-73-2015-08-11-2016-Sentencia.pdf","2TA","definitiva","R-73-2015","2015","756.1"
"R-75-2015-30-12-2016-Sentencia.pdf","2TA","definitiva","R-75-2015","2015","1142.0"
"R-76-2015-05-10-2016-Sentencia.pdf","2TA","definitiva","R-76-2015","2015","1641.5"
"R-77-2015-17-03-2017-Sentencia.pdf","2TA","definitiva","R-77-2015","2015","754.0"
"R-79-2015-30-05-2016-Sentencia.pdf","2TA","definitiva","R-79-2015","2015","343.0"
"R-82-2015-29-09-2017-Sentencia.pdf","2TA","definitiva","R-82-2015","2015","3534.5"
"R-83-2015-30-03-2016-Sentencia.pdf","2TA","definitiva","R-83-2015","2015","704.9"
"R-86-2015-28-10-2016-Sentencia.pdf","2TA","definitiva","R-86-2015","2015","4947.1"
"Sentencia-CS-Punta-Piqueros_R-86-2015_Rol-97792-2016.pdf","2TA","definitiva","R-86-2015","2015","367.2"
"R-87-2015-17-06-2016-Sentencia.pdf","2TA","definitiva","R-87-2015","2015","670.0"
"R-88-2015-27-07-2016-Sentencia.pdf","2TA","definitiva","R-88-2015","2015","1234.0"
"R-89-2016-27-04-2017-Sentencia.pdf","2TA","definitiva","R-89-2016","2016","2084.2"
"R-89-2016_Sentencia-Casacion-24838-2017.pdf","2TA","casacion","R-89-2016","2016","234.2"
"R-90-2016-21-03-2017-Sentencia.pdf","2TA","definitiva","R-90-2016","2016","995.1"
"R-93-2016-27-02-2017-Sentencia.pdf","2TA","definitiva","R-93-2016","2016","1150.2"
"R-95-2016-17-11-2016-Sentencia.pdf","2TA","definitiva","R-95-2016","2016","344.8"
"R-96-2016-25-04-2016-Sentencia.pdf","2TA","definitiva","R-96-2016","2016","1868.6"
"Sentencia-CS-Rol-28108-2017-rechaza-casación-caso-Lago-Rapel-R-96-2016.pdf","2TA","casacion","R-96-2016","2016","139.8"
"Sentencia-CS-Rol-28108-2017-rechaza-casación-caso-Lago-Rapel-R-96-2016.pdf","2TA","casacion","R-96-2016","2016","139.8"
"R-97-2016-23-12-2016-Sentencia.pdf","2TA","definitiva","R-97-2016","2016","1578.4"
"R-98-2016-21-06-2017-Sentencia.pdf","2TA","definitiva","R-98-2016","2016","1348.0"
"R-99-2016-25-04-2018-Sentencia.pdf","2TA","definitiva","R-99-2016","2016","4703.9"
"R-101-2016-31-05-2017-Sentencia.pdf","2TA","definitiva","R-101-2016","2016","2593.6"
"Sentencia_CS-34281-2017-r-101-2016.pdf","2TA","definitiva","R-101-2016","2016","226.6"
"Sentencia_CS_R-101-2016_CruzGrande.pdf","2TA","definitiva","R-101-2016","2016","226.6"
"R-102-2016-15-09-2016-Sentencia.pdf","2TA","definitiva","R-102-2016","2016","434.5"
"R-104-2016-24-02-2017-Sentencia.pdf","2TA","definitiva","R-104-2016","2016","1154.8"
"R-104-2016_sentencia-casacion_11485-2017.pdf","2TA","casacion","R-104-2016","2016","338.0"
"R-107-2016_24-01-2018_Sentencia.pdf","2TA","definitiva","R-107-2016","2016","1616.2"
"R-108-2016-15-11-2016-Sentencia.pdf","2TA","definitiva","R-108-2016","2016","426.9"
"R-109-2016-22-05-2017-Sentencia.pdf","2TA","definitiva","R-109-2016","2016","1915.8"
"Sentencia_CS_R-109-2016_TolpanMulchen.pdf","2TA","definitiva","R-109-2016","2016","126.9"
"R-111-2016-31-08-2017-Sentencia.pdf","2TA","definitiva","R-111-2016","2016","4939.2"
"R-112-2016-02-02-2017-Sentencia.pdf","2TA","definitiva","R-112-2016","2016","1369.8"
"Sentencia_CS_8456-2017_TA_R-112-2016_Ecomaule.pdf","2TA","definitiva","R-112-2016","2016","159.9"
"R-116-2016-28-06-2017-Sentencia.pdf","2TA","definitiva","R-116-2016","2016","1174.7"
"Sentencia-CS-Santa-Marta_R-116-2016_Rol-36202-2017.pdf","2TA","definitiva","R-116-2016","2016","146.7"
"R-117-2016_14-12-2016_Sentencia.pdf","2TA","definitiva","R-117-2016","2016","710.4"
"R-118-2016-31-08-2017-Sentencia.pdf","2TA","definitiva","R-118-2016","2016","1133.3"
"Sentencia_CS_42004-2017_TA_r-118-2016_Maricunga.pdf","2TA","definitiva","R-118-2016","2016","231.5"
"R-122-2016_30-03-2017_Sentencia.pdf","2TA","definitiva","R-122-2016","2016","757.4"
"R-122-2016-30-03-2017-Sentencia.pdf","2TA","definitiva","R-122-2016","2016","757.4"
"R-123-2016-18-05-2017-Sentencia.pdf","2TA","definitiva","R-123-2016","2016","1664.2"
"R-124-2016-15-05-2018-Sentencia.pdf","2TA","definitiva","R-124-2016","2016","195.3"
"R-125-2016-11-02-2019-Sentencia.pdf","2TA","definitiva","R-125-2016","2016","6538.9"
"CS-7785-2019_2TA_R-125-2016_Sentencia.pdf","2TA","definitiva","R-125-2016","2016","163.4"
"R-126-2016-31-08-2017-Sentencia.pdf","2TA","definitiva","R-126-2016","2016","3278.8"
"R-128-2016-31-03-2017-Sentencia.pdf","2TA","definitiva","R-128-2016","2016","1707.6"
"R-129-2016-05-01-2018-Sentencia.pdf","2TA","definitiva","R-129-2016","2016","2503.5"
"Sentencia_CS-2653-2018-r-129-2016_carmelitas.pdf","2TA","definitiva","R-129-2016","2016","231.4"
"Sentencia-reemplazo_CS-2653-2018-r-129-2016_carmelitas.pdf","2TA","reemplazo","R-129-2016","2016","201.0"
"R-131-2016-28-04-2017-Sentencia.pdf","2TA","definitiva","R-131-2016","2016","1609.0"
"R-132-2016-20-10-2017-Sentencia.pdf","2TA","definitiva","R-132-2016","2016","1732.9"
"R-135-2016-28-07-2017-Sentencia.pdf","2TA","definitiva","R-135-2016","2016","5971.7"
"R-135-2016-28-07-2017-Sentencia.pdf","2TA","definitiva","R-135-2016","2016","5971.7"
"R-138-2016-29-03-2018-Sentencia.pdf","2TA","definitiva","R-138-2016","2016","1322.8"
"CS_8737-2018_2TA_R-138-2016_Sentencia-Mina-Invierno.pdf","2TA","definitiva","R-138-2016","2016","225.7"
"CS_23085-2018_2TA_R-139-2016_Sentencia.pdf","2TA","definitiva","R-139-2016","2016","145.7"
"R-140-2016-05-06-2018-Sentencia.pdf","2TA","definitiva","R-140-2016","2016","3916.1"
"R-139-2017-31-07-2018-Sentencia.pdf","2TA","definitiva","R-139-2017","2017","5583.2"
"R-141-2017-08-02-2019-Sentencia.pdf","2TA","definitiva","R-141-2017","2017","1860.8"
"R-143-2017-10-12-2018-Sentencia-web_pc_7mb.pdf","2TA","definitiva","R-143-2017","2017","6835.4"
"CS_2025-2019_2TA_R-143-2017_Sentencia.pdf","2TA","definitiva","R-143-2017","2017","254.5"
"R-146-2017-25-09-2018-Sentencia.pdf","2TA","definitiva","R-146-2017","2017","4288.9"
"R-147-2017-30-01-2019-Sentencia.pdf","2TA","definitiva","R-147-2017","2017","2496.4"
"Sentencia-Casacion-CS7610_2TA_R-147-2017.pdf","2TA","casacion","R-147-2017","2017","231.4"
"Sentencia-Casacion-CS7610_2TA_R-147-2017-1.pdf","2TA","casacion","R-147-2017","2017","231.4"
"R-148-2017-26-04-2018-Sentencia.pdf","2TA","definitiva","R-148-2017","2017","5031.8"
"Sentencia_12802-2018_TA-R-148-2017-EnconSolar.pdf","2TA","definitiva","R-148-2017","2017","184.3"
"R-149-2017-01-06-2018-Sentencia.pdf","2TA","definitiva","R-149-2017","2017","1243.2"
"R-150-2017-28-02-2018-Sentencia.pdf","2TA","definitiva","R-150-2017","2017","1269.0"
"R-153-2017-14-09-2018-Sentencia.pdf","2TA","definitiva","R-153-2017","2017","25851.3"
"R-154-2017-29-03-2018-Sentencia.pdf","2TA","definitiva","R-154-2017","2017","3878.6"
"CorteSuprema_sentencia-casacion-R-154-2017.pdf","2TA","casacion","R-154-2017","2017","161.1"
"ChileMink_sentencia-Reemplazo_-R-154-2017.pdf","2TA","reemplazo","R-154-2017","2017","138.3"
"R-155-2017-27-04-2018-Sentencia.pdf","2TA","definitiva","R-155-2017","2017","1417.4"
"CS_12928-2018_2TA_R-155-2017_Sentencia.pdf","2TA","definitiva","R-155-2017","2017","205.5"
"R-157-2017-17-08-2018-Sentencia.pdf","2TA","definitiva","R-157-2017","2017","19567.4"
"CS_28195-2018_2TA_R-157-2017_Sentencia.pdf","2TA","definitiva","R-157-2017","2017","337.0"
"R-160-2017-21-08-2018-Sentencia.pdf","2TA","definitiva","R-160-2017","2017","18432.2"
"Sentencia_casación-CS-24870_2TA-R-160-2017.pdf","2TA","casacion","R-160-2017","2017","315.9"
"Sentencia_casación-CS-24870_2TA-R-160-2017.pdf","2TA","casacion","R-160-2017","2017","315.9"
"R-161-2017-18-04-2018-Sentencia.pdf","2TA","definitiva","R-161-2017","2017","1022.2"
"R-163-2017-29-06-2018-Sentencia.pdf","2TA","definitiva","R-163-2017","2017","1684.2"
"R-166-2017-04-06-2019-Sentencia.pdf","2TA","definitiva","R-166-2017","2017","3421.8"
"CS_23289-2019_2TA_R-166-2017_Sentencia.pdf","2TA","definitiva","R-166-2017","2017","146.1"
"R-169-2017-14-06-2019-Sentencia.pdf","2TA","definitiva","R-169-2017","2017","4227.3"
"Sentencia-Casacion-CS-21265_2TA_R-169-2017.pdf","2TA","casacion","R-169-2017","2017","108.1"
"Sentencia-casación-CS-Rol-15549-2017-derrame-de-petróleo-Quintero.pdf","2TA","casacion","R-15549-2017","2017","227.1"
"Sentencia-de-reemplazo-CS-Rol-15549-2017-Derrame-de-petróleo-Quintero.pdf","2TA","reemplazo","R-15549-2017","2017","163.9"
"Sentencia-de-reemplazo-CS-Rol-15549-2017-Derrame-de-petróleo-Quintero.pdf","2TA","reemplazo","R-15549-2017","2017","163.9"
"Sentencia-casación-CS-Rol-15549-2017-derrame-de-petróleo-Quintero.pdf","2TA","casacion","R-15549-2017","2017","227.1"
"Sentencia-CS-Rol-18341-2017-Saeta.pdf","2TA","definitiva","R-18341-2017","2017","213.1"
"Sentencia-casación-Rol-37273-2017-Nogales.pdf","2TA","casacion","R-37273-2017","2017","190.5"
"Sentencia-de-reemplazo-Rol-37273-2017-Nogales.pdf","2TA","reemplazo","R-37273-2017","2017","139.1"
"Sentencia_Corte-Suprema_Rol-44801-2020_2TA_R-171-2018.pdf","2TA","definitiva","R-171-2018","2018","220.1"
"R-173-2018-31-01-2019-Sentencia.pdf","2TA","definitiva","R-173-2018","2018","659.0"
"Sentencia-Casacion-CS-7073_2TA_R-173-2018.pdf","2TA","casacion","R-173-2018","2018","135.8"
"R-177-2018-22-07-2019-Sentencia.pdf","2TA","definitiva","R-177-2018","2018","8075.0"
"CS_29062-2019_2TA_R-179-2018_Sentencia.pdf","2TA","definitiva","R-179-2018","2018","182.4"
"Sentencia_Corte-Suprema_Rol-104693-2020_2TA_R-181-2018.pdf","2TA","definitiva","R-181-2018","2018","240.5"
"R-183-2018_03-11-2021_Sentencia.pdf","2TA","definitiva","R-183-2018","2018","27034.9"
"Sentencia_CS_96002-2021_2TA_R-183-2018.pdf","2TA","definitiva","R-183-2018","2018","141.6"
"R-189-2018-13-09-2019-Sentencia.pdf","2TA","definitiva","R-189-2018","2018","857.7"
"CS_20994-2020_2TA_R-190-2018_Sentencia.pdf","2TA","definitiva","R-190-2018","2018","194.5"
"R-191-2018-26-07-2019-Sentencia-pdf.pdf","2TA","definitiva","R-191-2018","2018","5894.7"
"Sentencia-Casacion-CS-25056_2TA_R-191-2018.pdf","2TA","casacion","R-191-2018","2018","141.9"
"Sentencia-Casacion-CS-25056_2TA_R-191-2018-1.pdf","2TA","casacion","R-191-2018","2018","141.9"
"CS_27003-2019_2TA_R-193-2018_Sentencia.pdf","2TA","definitiva","R-193-2018","2018","125.0"
"Sentencia_Corte-Suprema_Rol-131181-2020_2TA_R-195-2018.pdf","2TA","definitiva","R-195-2018","2018","185.8"
"R-197-2018_27-11-2019_Sentencia.pdf","2TA","definitiva","R-197-2018","2018","1796.0"
"R-198-2018-15-03-2019-Sentencia_web.pdf","2TA","definitiva","R-198-2018","2018","6212.4"
"Sentencia_Corte-Suprema_117379-2020_2TA-R-199-2018.pdf","2TA","definitiva","R-199-2018","2018","198.2"
"Sentencia_Corte-Suprema_6960-2021-R-200-2018-STA.pdf","2TA","definitiva","R-200-2018","2018","188.7"
"CS-29521-2019_2TA_R-189-2019_Sentencia.pdf","2TA","definitiva","R-189-2019","2019","171.5"
"Sentencia_Corte-Suprema_79353-2020_2TA-R-196-2019.pdf","2TA","definitiva","R-196-2019","2019","212.2"
"Sentencia_Corte-Suprema_99487-2020_2TA-R-206-2019.pdf","2TA","definitiva","R-206-2019","2019","479.4"
"Sentencia_R-210-2019_-_14.10.2020.pdf","2TA","definitiva","R-210-2019","2019","912.6"
"R-210-2019_CS-14971-2020-sentencia.pdf","2TA","definitiva","R-210-2019","2019","275.5"
"2022.07.06_Sentencia_R-215-2019.pdf","2TA","definitiva","R-215-2019","2019","4245.6"
"R-220-2019_30-03-2021_Sentencia.pdf","2TA","definitiva","R-220-2019","2019","9173.5"
"Sentencia_R-221-2019.pdf","2TA","definitiva","R-221-2019","2019","20671.5"
"R-224-2019_17-06-2021_Sentencia.pdf","2TA","definitiva","R-224-2019","2019","10408.5"
"Sentencia_Corte_Suprema_Rol_1583-2019_2TA_D-26-2016.pdf","2TA","definitiva","R-1583-2019","2019","179.6"
"Sentencia_Corte_Suprema_Rol_27726-2019_2TA_D-27-2016.pdf","2TA","definitiva","R-27726-2019","2019","180.2"
"R-230-2020_10-03-2022_Sentencia.pdf","2TA","definitiva","R-230-2020","2020","3235.4"
"R-233-2020_18-06-2021_Sentencia.pdf","2TA","definitiva","R-233-2020","2020","9406.7"
"R-234-2020_22-06-2021_Sentencia.pdf","2TA","definitiva","R-234-2020","2020","15973.1"
"R-236-2020_01-10-2021_Sentencia.pdf","2TA","definitiva","R-236-2020","2020","1528.6"
"R-238-2020_16-06-2021_Sentencia.pdf","2TA","definitiva","R-238-2020","2020","14158.0"
"Sentencia_CS_58263-2021_2TA_R-238-2020.pdf","2TA","definitiva","R-238-2020","2020","202.4"
"R-239-2020_14-07-2021_Sentencia.pdf","2TA","definitiva","R-239-2020","2020","20920.0"
"R-243-2020_14-10-2021_Sentencia.pdf","2TA","definitiva","R-243-2020","2020","1166.0"
"R-244-2020_25-05-2022_Sentencia.pdf","2TA","definitiva","R-244-2020","2020","30377.6"
"R-251-2020_09-08-2021_Sentencia.pdf","2TA","definitiva","R-251-2020","2020","4930.8"
"R-252-2020_19-11-2021_Sentencia.pdf","2TA","definitiva","R-252-2020","2020","7946.9"
"R-253-2020_13-07-2021_Sentencia.pdf","2TA","definitiva","R-253-2020","2020","2765.9"
"2022.08.24_Sentencia_R-261-2020.pdf","2TA","definitiva","R-261-2020","2020","1269.0"
"R-262-2020_12-08-2021_Sentencia.pdf","2TA","definitiva","R-262-2020","2020","1554.5"
"Sentencia_CS_82391-2021_2TA_R-262-2020.pdf","2TA","definitiva","R-262-2020","2020","120.2"
"2022.07.20_Sentencia_R-263-2020.pdf","2TA","definitiva","R-263-2020","2020","2514.5"
"2024.03.19_Sentencia_R-264-2020.pdf","2TA","definitiva","R-264-2020","2020","1095.6"
"2022.12.30_Sentencia_R-265-2020-1.pdf","2TA","definitiva","R-265-2020","2020","1895.0"
"R-266-2020_19-12-2022_Sentencia_foliada.pdf","2TA","definitiva","R-266-2020","2020","1226.8"
"R-267-2020_12-09-2022_Sentencia.pdf","2TA","definitiva","R-267-2020","2020","2297.3"
"R-269-2020_28-02-2022_Sentencia_foliada.pdf","2TA","definitiva","R-269-2020","2020","3528.6"
"2022.07.12_Sentencia_R-273-2021.pdf","2TA","definitiva","R-273-2021","2021","1862.5"
"R-277-2021_30-12-2022_Sentencia-4.pdf","2TA","definitiva","R-277-2021","2021","2197.1"
"R-278-2021_24-02-2022_Sentencia.pdf","2TA","definitiva","R-278-2021","2021","4892.9"
"R-279-2021_26-07-2023_Sentencia.pdf","2TA","definitiva","R-279-2021","2021","810.9"
"2023.04.25_Sentencia_R-280-2021.pdf","2TA","definitiva","R-280-2021","2021","1070.6"
"2023.08.08_Sentencia_R-281-2021.pdf","2TA","definitiva","R-281-2021","2021","1572.5"
"2023.06.30_Sentencia_R-282-2021_acumulada_R-303-2021.pdf","2TA","definitiva","R-282-2021","2021","3841.1"
"2022.11.30_Sentencia_R-283-2021.pdf","2TA","definitiva","R-283-2021","2021","518.1"
"2022.07.22_Sentencia_R-285-2021.pdf","2TA","definitiva","R-285-2021","2021","337.7"
"2023.08.10_Sentencia_R-292-2021.pdf","2TA","definitiva","R-292-2021","2021","1183.6"
"2022.07.25_Sentencia_R-293-2021_.pdf","2TA","definitiva","R-293-2021","2021","537.9"
"R-296-2021_11-10-2022_Sentencia_foliada.pdf","2TA","definitiva","R-296-2021","2021","1004.0"
"2023.01.30_Sentencia_R-301-2021_acumulada_R-309-202133131.pdf","2TA","definitiva","R-301-2021","2021","4782.5"
"2022.10.26_Sentencia_R-304-2021acum.R325-2022.pdf","2TA","definitiva","R-304-2021","2021","774.1"
"R-305-2021_16-12-2022_Sentencia_foliada-2.pdf","2TA","definitiva","R-305-2021","2021","1529.2"
"2022.11.02_Sentencia_R-307-2021.pdf","2TA","definitiva","R-307-2021","2021","875.3"
"2023.04.19_Sentencia_R-313-2021.pdf","2TA","definitiva","R-313-2021","2021","886.3"
"Sentencia_Rol_N_314-2021_002.pdf","2TA","definitiva","R-314-2021","2021","1009.3"
"2022.11.24_Sentencia_R-315-2021.pdf","2TA","definitiva","R-315-2021","2021","853.6"
"R-318-2021_26-09-2022_Sentencia.pdf","2TA","definitiva","R-318-2021","2021","759.2"
"SCS-rol-34697-2021.-Tapia-Azocar-con-SMA.-Sentencia-de-Reemplazo.pdf","2TA","reemplazo","R-34697-2021","2021","137.2"
"2022.12.19_Sentencia_R-319-2022-1.pdf","2TA","definitiva","R-319-2022","2022","737.5"
"Sentencia_R-322-2022.pdf","2TA","definitiva","R-322-2022","2022","2334.2"
"2023.10.12_Sentencia_R-323-2022.pdf","2TA","definitiva","R-323-2022","2022","1202.2"
"Sentencia_R-324-2022-1.pdf","2TA","definitiva","R-324-2022","2022","2242.2"
"2022.09.06_Sentencia_R-326-2022.pdf","2TA","definitiva","R-326-2022","2022","583.4"
"2025.10.09_Sentencia_R-327-2022_R328_R335_R337_R338_R447.pdf","2TA","definitiva","R-327-2022","2022","4910.0"
"2024.03.11_Sentencia_R-331-2022.pdf","2TA","definitiva","R-331-2022","2022","1876.7"
"Sentencia_R-333-2022.pdf","2TA","definitiva","R-333-2022","2022","12185.6"
"R-334-2022_18-07-2023_Sentencia.pdf","2TA","definitiva","R-334-2022","2022","3436.1"
"2022.11.21_Sentencia_R-339-2022-2.pdf","2TA","definitiva","R-339-2022","2022","607.2"
"R-340-2022_16-03-2023_Sentencia.pdf","2TA","definitiva","R-340-2022","2022","1064.2"
"2022.12.02_Sentencia_R-341-2022.pdf","2TA","definitiva","R-341-2022","2022","1080.2"
"2023.05.11_Sentencia_R-342-2022.pdf","2TA","definitiva","R-342-2022","2022","960.6"
"2024.02.09_Sentencia_R-343-2022.pdf","2TA","definitiva","R-343-2022","2022","1036.7"
"2022.02.24_Sentencia_R-344-2022-1.pdf","2TA","definitiva","R-344-2022","2022","926.6"
"2025.02.11_Sentencia_R-346-2022.pdf","2TA","definitiva","R-346-2022","2022","1913.6"
"2025.06.03_Sentencia_R-347-2022_acumulada_R-439-2023.pdf","2TA","definitiva","R-347-2022","2022","2480.1"
"2024.01.26_Sentencia_Rol-348-2022.pdf","2TA","definitiva","R-348-2022","2022","1416.7"
"2023.09.06_Sentencia_R-349-2022.pdf","2TA","definitiva","R-349-2022","2022","4019.2"
"2023.11.20_Sentencia_R-350-2022.pdf","2TA","definitiva","R-350-2022","2022","614.1"
"2023.11.02_Sentencia_R-353-2022.pdf","2TA","definitiva","R-353-2022","2022","875.1"
"R-354-2022_19-07-2023_Sentencia.pdf","2TA","definitiva","R-354-2022","2022","823.3"
"2023.08.17_Sentencia_R-355-2022.pdf","2TA","definitiva","R-355-2022","2022","1317.7"
"R-356-2022_26-07-2023_Sentencia.pdf","2TA","definitiva","R-356-2022","2022","2005.3"
"2023.12.07_Sentencia_R-360-2022.pdf","2TA","definitiva","R-360-2022","2022","2230.4"
"R-362-2022_19-07-2023_Sentencia.pdf","2TA","definitiva","R-362-2022","2022","1419.7"
"2023.12.20_Sentencia_R-370-2022.pdf","2TA","definitiva","R-370-2022","2022","894.6"
"Sentencia_R-371-2022.pdf","2TA","definitiva","R-371-2022","2022","2592.0"
"2023.09.13_Sentencia_R-373-2022.pdf","2TA","definitiva","R-373-2022","2022","1240.9"
"2024.04.24_Sentencia_R-374-2022.pdf","2TA","definitiva","R-374-2022","2022","974.0"
"2025.08.19_Sentencia_R-375-2022_y_acumuladas-1.pdf","2TA","definitiva","R-375-2022","2022","16305.3"
"2023.10.11_Sentencia_R-376-2022.pdf","2TA","definitiva","R-376-2022","2022","1032.6"
"2023.10.25_Sentencia_R-378-2022.pdf","2TA","definitiva","R-378-2022","2022","671.5"
"2024.04.30_Sentencia_R-379-2022.pdf","2TA","definitiva","R-379-2022","2022","1097.5"
"2024.04.24_Sentencia_R-383-2022.pdf","2TA","definitiva","R-383-2022","2022","994.7"
"2023.07.10_Sentencia_R-384-2022.pdf","2TA","definitiva","R-384-2022","2022","440.2"
"2023.08.22_Sentencia_R-363-2023.pdf","2TA","definitiva","R-363-2023","2023","801.3"
"2024.06.28_Sentencia_R-377-2023.pdf","2TA","definitiva","R-377-2023","2023","1962.0"
"2024.04.08_Sentencia_R-385-2023.pdf","2TA","definitiva","R-385-2023","2023","3496.5"
"2023.08.23_Sentencia_R-388-2023.pdf","2TA","definitiva","R-388-2023","2023","980.8"
"Sentencia_R-392-2023.pdf","2TA","definitiva","R-392-2023","2023","1592.9"
"2023.10.19_Sentencia_R-395-2023.pdf","2TA","definitiva","R-395-2023","2023","481.2"
"2024.04.22_Sentencia_R-396-2023.pdf","2TA","definitiva","R-396-2023","2023","601.2"
"2024.05.30_Sentencia_R-397-2023.pdf","2TA","definitiva","R-397-2023","2023","868.5"
"2024.04.26_Sentencia_R-399-2023.pdf","2TA","definitiva","R-399-2023","2023","1184.3"
"2024.04.26_Sentencia_R-400-2023.pdf","2TA","definitiva","R-400-2023","2023","867.6"
"2024.04.11_Sentencia_R-403-2023-1.pdf","2TA","definitiva","R-403-2023","2023","1319.7"
"2024.04.22_Sentencia_R-404-2023.pdf","2TA","definitiva","R-404-2023","2023","5278.5"
"2024.07.03_Sentencia_R-405-2023.pdf","2TA","definitiva","R-405-2023","2023","1055.2"
"2024.10.29_Sentencia_R-406-2023.pdf","2TA","definitiva","R-406-2023","2023","3366.9"
"2024.05.27_Sentencia_R-407-2023.pdf","2TA","definitiva","R-407-2023","2023","1350.2"
"2024.07.17_Sentencia_R-408-2023.pdf","2TA","definitiva","R-408-2023","2023","1175.6"
"2024.04.15_Sentencia_R-409-2023.pdf","2TA","definitiva","R-409-2023","2023","928.5"
"2024.08.14_Sentencia_R-412-2023.pdf","2TA","definitiva","R-412-2023","2023","760.7"
"2024.07.03_Sentencia_R-413-2023.pdf","2TA","definitiva","R-413-2023","2023","994.3"
"2024.08.27_Sentencia_R-414-2023.pdf","2TA","definitiva","R-414-2023","2023","1792.0"
"2024.08.22_Sentencia_R-417-2023.pdf","2TA","definitiva","R-417-2023","2023","947.2"
"2024.05.27_Sentencia_R-418-2023.pdf","2TA","definitiva","R-418-2023","2023","754.1"
"2024.06.07_Sentencia_R-424-2023.pdf","2TA","definitiva","R-424-2023","2023","1376.0"
"2024.11.06_Sentencia_R-425-2023.pdf","2TA","definitiva","R-425-2023","2023","1352.2"
"2025.02.19_Sentencia_R427-2023_R_431-2023.pdf","2TA","definitiva","R-427-2023","2023","1112.8"
"2024.11.07_Sentencia_R-428-2023.pdf","2TA","definitiva","R-428-2023","2023","648.1"
"2024.05.31_Sentencia_R-432-2023.pdf","2TA","definitiva","R-432-2023","2023","1404.6"
"2025.03.19_Sentencia_R-433-2023.pdf","2TA","definitiva","R-433-2023","2023","2233.3"
"2025.03.19_Sentencia_R-434-2023.pdf","2TA","definitiva","R-434-2023","2023","1505.7"
"2024.09.16_Sentencia_R-435-2023.pdf","2TA","definitiva","R-435-2023","2023","1654.0"
"2024.07.17_Sentencia_R-440-2023.pdf","2TA","definitiva","R-440-2023","2023","805.1"
"2025.12.22_Sentencia_R-441-2023.pdf","2TA","definitiva","R-441-2023","2023","2568.3"
"2024.07.17_Sentencia_R-443-2023.pdf","2TA","definitiva","R-443-2023","2023","580.0"
"2024.12.23_Sentencia_R-450-2024.pdf","2TA","definitiva","R-450-2024","2024","795.8"
"2024.11.15_Sentencia_R-451-2024.pdf","2TA","definitiva","R-451-2024","2024","879.4"
"2025.08.29_Sentencia_R-453-2024.pdf","2TA","definitiva","R-453-2024","2024","1220.0"
"2024.11.04_Sentencia_R-454-2024.pdf","2TA","definitiva","R-454-2024","2024","778.2"
"2025.03.27_Sentencia_R-456-2024.pdf","2TA","definitiva","R-456-2024","2024","1356.0"
"2025.04.17_Sentencia_R-458-2024.pdf","2TA","definitiva","R-458-2024","2024","1570.8"
"2025.07.03_Sentencia_R-459-2024.pdf","2TA","definitiva","R-459-2024","2024","3257.1"
"2026.01.06_Sentencia_R-460-2024.pdf","2TA","definitiva","R-460-2024","2024","827.4"
"2025.07.07_Sentencia_R-463-2024.pdf","2TA","definitiva","R-463-2024","2024","1771.1"
"2025.05.16_Sentencia_R-464-2024.pdf","2TA","definitiva","R-464-2024","2024","1875.0"
"2025.10.30_Sentencia_R-465-2024.pdf","2TA","definitiva","R-465-2024","2024","2321.0"
"2025.03.13_Sentencia_R-466-2024.pdf","2TA","definitiva","R-466-2024","2024","715.3"
"2025.09.17_Sentencia_R-470-2024.pdf","2TA","definitiva","R-470-2024","2024","657.1"
"2025.12.30_Sentencia_R-478-2024.pdf","2TA","definitiva","R-478-2024","2024","1276.7"
"2025.05.29_Sentencia_R-479-2024.pdf","2TA","definitiva","R-479-2024","2024","671.9"
"2025.12.05_Sentencia_R-481-2024_.pdf","2TA","definitiva","R-481-2024","2024","3044.1"
"2025.10.02_Sentencia_R-482-2024.pdf","2TA","definitiva","R-482-2024","2024","1058.3"
"2025.08.29_Sentencia_R-483-2024.pdf","2TA","definitiva","R-483-2024","2024","2076.4"
"2025.12.16_Sentencia_R-485-2024.pdf","2TA","definitiva","R-485-2024","2024","736.0"
"2025.12.16_Sentencia_R-489-2024.pdf","2TA","definitiva","R-489-2024","2024","1099.6"
"2025.12.16_Sentencia_R-493-2024.pdf","2TA","definitiva","R-493-2024","2024","872.0"
"2025.12.22._Sentencia_R-494-2025.pdf","2TA","definitiva","R-494-2025","2025","1621.6"
"2025.12.16_Sentencia_R-498-2025.pdf","2TA","definitiva","R-498-2025","2025","1213.5"
"2025.09.15_Sentencia_R-504-2025.pdf","2TA","definitiva","R-504-2025","2025","1424.0"
"2025.08.25_Sentencia_R-506-2025.pdf","2TA","definitiva","R-506-2025","2025","770.9"
"2025.12.16_Sentencia_R-518-2025.pdf","2TA","definitiva","R-518-2025","2025","1184.8"
"2025.12.16_Sentencia_R-520-2025.pdf","2TA","definitiva","R-520-2025","2025","988.8"
"2025.12.23_Sentencia_R-521-2025.pdf","2TA","definitiva","R-521-2025","2025","396.5"
"2025.09.30_Sentencia_R-522-2025.pdf","2TA","definitiva","R-522-2025","2025","1117.7"
"2025.12.19_Sentencia_R-528-2025.pdf","2TA","definitiva","R-528-2025","2025","694.3"
"2025.12.16_Sentencia_R-533-2025.pdf","2TA","definitiva","R-533-2025","2025","814.3"
"R_20_2025_proyecto_sentencia_Huilines_2-Fclm_firmado-1.pdf","3TA","definitiva","","","839.8"
"R_18_2025_Proyecto_sentencia_Huilines_3_1_Fclm_firmado.pdf","3TA","definitiva","","","759.0"
"Sentencia_R_10_2025_HU_Maip_de_OHigins_1_2__firmado.pdf","3TA","definitiva","","","522.3"
"sentencia_R_32_2024F_firmado.pdf","3TA","definitiva","","","695.2"
"R_20_2024_sentencia_.pdf","3TA","definitiva","","","588.5"
"Sentencia_R_53_202_1__firmado-1.pdf","3TA","definitiva","","","2897.3"
"R292024_sentencia_definitiva_3172025.pdf","3TA","definitiva","","","846.7"
"Sentencia_R_31_2023_R_32_2023_.pdf","3TA","definitiva","","","1113.5"
"R342024_sentencia_definitiva_1472025.pdf","3TA","definitiva","","","2661.3"
"sentencia_R_37_2023.pdf","3TA","definitiva","","","1146.9"
"sentencia_R_9_2025.pdf","3TA","definitiva","","","348.4"
"R4202_sentencia_definitiva_1642025.pdf","3TA","definitiva","","","1058.2"
"R132024_sentencia_definitiva_.pdf","3TA","definitiva","","","596.1"
"R292023_sentencia_definitiva_132025.pdf","3TA","definitiva","","","2316.0"
"R12021_sentencia_definitiva_132025.pdf","3TA","definitiva","","","362.8"
"Sentencia_R_40_2024.pdf","3TA","definitiva","","","253.2"
"R82024_sentencia_definitiva_12025.pdf","3TA","definitiva","","","819.8"
"Sentencia_R_23_2024.pdf","3TA","definitiva","","","333.6"
"Sentencia_R_6_2024.pdf","3TA","definitiva","","","297.1"
"Sentencia_R_27_31_2020.pdf","3TA","definitiva","","","898.3"
"R_9_2024_Sentencia.pdf","3TA","definitiva","","","294.7"
"Sentencia_R_45_202_y_46_2022.pdf","3TA","definitiva","","","380.0"
"Sentencia_R_17_2023.pdf","3TA","definitiva","","","802.8"
"Sentencia_R_33_2023.pdf","3TA","definitiva","","","365.3"
"Sentencia_R_1_2023_HU_Ovejeria.pdf","3TA","definitiva","","","1418.1"
"Sentencia-3TA-R_38_2023.pdf","3TA","definitiva","","","706.4"
"R_35_2023_sentencia.pdf","3TA","definitiva","","","384.5"
"R192023_sentencia_definitiva_432024.pdf","3TA","definitiva","","","1371.1"
"Sentencia-3TA-R-34-23-15.11.23-19-P.pdf","3TA","definitiva","","","225.8"
"Sentencia-CS-149371-2023-12.12.23-6-P.pdf","3TA","definitiva","","","175.8"
"Sentencia-CS-87601-2023-05.12.23-6-P.pdf","3TA","definitiva","","","160.7"
"Sentencia_R_68_2_3TA.pdf","3TA","definitiva","","","322.3"
"Sentencia-C.S-5721-2023-04.08.2023-74-p.pdf","3TA","definitiva","","","333.4"
"Sentencia-casacion-CS-5806-2023-12.12.23-31-p.pdf","3TA","casacion","","","244.9"
"Sentencia-reemplazo-CS-5803-2023-12.12.23-15-P.pdf","3TA","reemplazo","","","209.3"
"R32.2021-sentencia-9.12.2022.pdf","3TA","definitiva","","","949.1"
"R31.2021-sentencia-9.12.2021.pdf","3TA","definitiva","","","787.1"
"R30.2021-sentencia-9.12.2022.pdf","3TA","definitiva","","","1103.9"
"Sentencia-casacion-C.Suprema-99086-2022-24.07.2023.pdf","3TA","casacion","","","201.3"
"Sentencia-reemplazo-C.Suprema-99086-2022-24.07.2023.pdf","3TA","reemplazo","","","143.5"
"R23.2022-sentencia-definitiva-24.8.2022.pdf","3TA","definitiva","","","185.8"
"R22.2022-sentencia-definitiva-24.8.2022.pdf","3TA","definitiva","","","203.0"
"Sentencia-casacion-C.Suprema-11016-2022-20.11.23-22-P.pdf","3TA","casacion","","","209.8"
"Sentencia-reemplazo-CS-11016-2022-20.11.23-13-P.pdf","3TA","reemplazo","","","171.9"
"sentencia_R_4_2021_73202.pdf","3TA","definitiva","","","445.2"
"sentencia_R_39_2020_15.12.2021.pdf","3TA","definitiva","","","1785.2"
"sentencia_R_7_2021_1.12.2021.pdf","3TA","definitiva","","","406.4"
"Sentencia-C.Suprema-97074-2021.pdf","3TA","definitiva","","","159.3"
"sentencia_R6.2020_29.10.2021_final_28129.pdf","3TA","definitiva","","","1181.1"
"sentencia_R1.2020_29.10.2021_final_28129.pdf","3TA","definitiva","","","1859.5"
"SENTENCIA_GNL_PAC_29.10.2021.pdf","3TA","definitiva","","","3592.7"
"sentencia_R_44_2020_.pdf","3TA","definitiva","","","386.5"
"Sentencia-casacion-C.Suprema-69538-2021.pdf","3TA","casacion","","","303.0"
"sentencia_R25.2020.pdf","3TA","definitiva","","","583.2"
"R7.2020_sentencia_definitiva.pdf","3TA","definitiva","","","332.7"
"R4.2020_sentencia_definitiva.pdf","3TA","definitiva","","","310.0"
"R3.2020_sentencia_definitiva.pdf","3TA","definitiva","","","314.6"
"R25.2019_sentencia_definitiva.pdf","3TA","definitiva","","","300.2"
"R-12-14-15-sentencia.pdf","3TA","definitiva","","","707.0"
"Sentencia-Definitiva-R-64-10-02-2020.pdf","3TA","definitiva","","","1869.0"
"R78_2018_Sentencia_definitiva.pdf","3TA","definitiva","","","15266.4"
"R2_2019_Sentencia_definitiva.pdf","3TA","definitiva","","","6696.1"
"Sentencia-R-68.pdf","3TA","definitiva","","","11066.9"
"R74_2018_Sentencia_definitiva-1.pdf","3TA","definitiva","","","11254.9"
"R70_2018_Sentencia_definitiva.pdf","3TA","definitiva","","","6046.6"
"Sentencia-C.Suprema-R-70.pdf","3TA","definitiva","","","183.2"
"R67_2018_Sentencia.pdf","3TA","definitiva","","","5018.4"
"Sentencia_R_63_2018-1.pdf","3TA","definitiva","","","5054.1"
"Sentencia-R-60.pdf","3TA","definitiva","","","14852.5"
"Sentencia_Definitiva-r-55.pdf","3TA","definitiva","","","6242.8"
"Sentencia-C.Suprema-R-55.pdf","3TA","definitiva","","","183.8"
"Sentencia_definitiva-R-58.pdf","3TA","definitiva","","","4809.3"
"Sentencia_definitiva-R-59-17.pdf","3TA","definitiva","","","2686.3"
"Sentencia-casacio_n-CSuprema-R-53.pdf","3TA","definitiva","","","228.4"
"Sentencia-de-reemplazo-R-53.pdf","3TA","reemplazo","","","106.7"
"Sentencia_definitiva-R-42.pdf","3TA","definitiva","","","16345.6"
"Sentencia_definitiva-R-57.pdf","3TA","definitiva","","","6530.9"
"Sentencia_Definitiva-R-56.pdf","3TA","definitiva","","","6198.6"
"Sentencia-Corte-Suprema-R-56.pdf","3TA","definitiva","","","191.1"
"Sentencia-Casación-R-54.pdf","3TA","casacion","","","230.4"
"Sentencia-R-51-17.pdf","3TA","definitiva","","","2160.2"
"Sentencia-C.Suprema-R-51.pdf","3TA","definitiva","","","132.5"
"Sentencia-Casación.pdf","3TA","casacion","","","149.7"
"Sentencia-Casacio_n-en-el-fondo-R-44.pdf","3TA","definitiva","","","221.2"
"sentencia-Corte-Suprema-R-41.pdf","3TA","definitiva","","","125.1"
"Sentencia_R-43-16.pdf","3TA","definitiva","","","4774.8"
"Sentencia-C.Suprema-R-43.pdf","3TA","definitiva","","","196.2"
"Sentencia-Casacio_n-R-38.pdf","3TA","definitiva","","","298.4"
"Sentencia-R-40.pdf","3TA","definitiva","","","5042.0"
"Sentencia-R-28-16.pdf","3TA","definitiva","","","5006.1"
"SENTENCIA-R-30.pdf","3TA","definitiva","","","17864.5"
"Sentencia-C.Suprema-R-30.pdf","3TA","definitiva","","","295.0"
"Sentencia-Corte-Suprema-R-25-1.pdf","3TA","definitiva","","","208.8"
"Endesa-Bocamina.-Sentencia-de-Reemplazo..pdf","3TA","reemplazo","","","937.3"
"Sentencia-Casacion-C.Suprema.doc","3TA","casacion","","","61.0"
"Sentencia_R22014.pdf","3TA","definitiva","","","2057.6"
"Sentencia-casacio_n-R-2-C.Suprema.pdf","3TA","definitiva","","","139.9"
"Sentencia-de-reemplazo-R-2-C.Suprema.pdf","3TA","reemplazo","","","99.0"
"Sentencia-rol-C-1-2025.pdf","3TA","definitiva","","","584.0"
"Sentencia_R_53_202_1__firmado.pdf","3TA","definitiva","","","2897.3"
"D_4_2022-sentencia.pdf","3TA","definitiva","","","2181.0"
"Sentencia-3TA-D-13-2019-28.12.23-262-P.pdf","3TA","definitiva","","","4466.4"
"D_41_2018_sentencia.pdf","3TA","definitiva","","","979.6"
"D_10_2019_sentencia.pdf","3TA","definitiva","","","2522.6"
"BOLETIN_SENTENCIAS_2023_FINAL.pdf","3TA","definitiva","","","30585.2"
"FORMULARIO-VI-CONCURSO-SENTENCIAS-2024.docx","3TA","definitiva","","","21.6"
"Resumen-sentencia-D-11-2021.pdf","3TA","definitiva","","","92.2"
"FORMULARIO-V-CONCURSO-SENTENCIAS-2024.docx","3TA","definitiva","","","21.6"
"BASES-VI-CONCURSO-COMENTARIOS-SENTENCIAS-2024.pdf","3TA","definitiva","","","124.8"
"Sentencia-D-11-2021.pdf","3TA","definitiva","","","795.7"
"Sentencia-3TA-D-2-2021-14.02.2023.pdf","3TA","definitiva","","","264.4"
"Sentencia-3TA-D-33-2017-13.02.2024-1.pdf","3TA","definitiva","","","718.4"
"Sentencia-3TA-D-13-2019-28.12.23-262-P_2.pdf","3TA","definitiva","","","4229.7"
"Sentencia-3TA-D-11-2019-22.12.23-47-P.pdf","3TA","definitiva","","","389.0"
"Sentencia-3TA-D-9-2021-05.12.2023-28-P.pdf","3TA","definitiva","","","606.8"
"QUINTO-CONCURSO-DE-COMENTARIOS-DE-SENTENCIAS-27-NOV.pdf","3TA","definitiva","","","4201.8"
"Sentencia-3TA-D-5-2019-31.10.23-64-P.pdf","3TA","definitiva","","","692.0"
"Sentencia-3TA-D-9-2019.pdf","3TA","definitiva","","","2327.7"
"BASES-V-CONCURSO-COMENTARIOS-SENTENCIAS-2023-3.pdf","3TA","definitiva","","","104.4"
"BASES-V-CONCURSO-COMENTARIOS-SENTENCIAS-2023-2.pdf","3TA","definitiva","","","104.4"
"BASES-V-CONCURSO-COMENTARIOS-SENTENCIAS-2023-1.pdf","3TA","definitiva","","","104.4"
"Sentencia-D-23-C.Suprema.pdf","3TA","definitiva","","","120.3"
"Boletín-de-Sentencias-3ta-Vol.-1-año-1.pdf","3TA","definitiva","","","4562.3"
"BASES-CONCURSO-SENTENCIAS.pdf","3TA","definitiva","","","88.9"
"Sentencia_definitiva-D-23.pdf","3TA","definitiva","","","12354.0"
"Sentencia-D-19.pdf","3TA","definitiva","","","12399.3"
"Sentencia_definitiva.pdf","3TA","definitiva","","","12354.0"
"Sentencia-casacio_n-D-16.pdf","3TA","definitiva","","","179.6"
"Sentencia_definitiva-D-17.pdf","3TA","definitiva","","","14941.7"
"Sentencia-D-24.pdf","3TA","definitiva","","","12443.7"
"Sentencia-D-16-2016.pdf","3TA","definitiva","","","17956.2"
"Sentencia-D-5-2015-edit.pdf","3TA","definitiva","","","8119.1"
"sentencia-D-5.pdf","3TA","definitiva","","","1493.9"
"Sentencia-R-12-Los-Inkas.pdf","3TA","definitiva","","","522.3"
"Sentencia-C.Suprema-Anula-Tres-Bocas.pdf","3TA","definitiva","","","61.7"
"BOLETIN_SENTENCIAS_2S2022.pdf","3TA","definitiva","","","10428.3"
"BOLETIN_SENTENCIAS-FINAL.pdf","3TA","definitiva","","","9743.2"
"Sentencia-D-8-2021-3TA.pdf","3TA","definitiva","","","526.4"
"BOLETIN_FINAL_SENTENCIAS_1erSEMESTRE22.pdf","3TA","definitiva","","","2621.2"
"Boletin-N°19-abril-2022_sentencias-normas-y-dictamenes-de-marzo.pdf","3TA","definitiva","","","1047.1"
"D6.2020-sentencia-definitiva.pdf","3TA","definitiva","","","394.0"
"BOLETIN-SENTENCIAS-VOL-I-ANO-4.pdf","3TA","definitiva","","","14224.2"
"Sentencia-Corte-Suprema-154869-2020.pdf","3TA","definitiva","","","163.0"
"Boletin-de-Sentencias-Tercer-Tribunal-Ambiental-Volumen-I-ano-1.pdf","3TA","definitiva","","","4556.1"
"SEGUNDO-CONCURSO-NACIONAL-DE-COMENTARIOS-DE-SENTENCIAS-VERSION-WEB-1.pdf","3TA","definitiva","","","2121.5"
"BASES-CUARTO-CONCURSO-SENTENCIAS-2021.pdf","3TA","definitiva","","","110.9"
"DECLARACION-JURADA-CUARTO-CONCURSO-SENTENCIAS-2021.pdf","3TA","definitiva","","","29.3"
"FORMULARIO-CUARTO-CONCURSO-SENTENCIAS-2021.pdf","3TA","definitiva","","","14.9"
"DECLARACION-JURADA-CUARTO-CONCURSO-SENTENCIAS-2021-1.docx","3TA","definitiva","","","18.0"
"FORMULARIO-CUARTO-CONCURSO-SENTENCIAS-2021-1.docx","3TA","definitiva","","","20.4"
"libro-comentario-sentencias.pdf","3TA","definitiva","","","15529.7"
"Sentencia-de-Casacion-Corte-Suprema-D-7-2015.pdf","3TA","casacion","","","261.0"
"Sentencia-de-Casacion-Corte-Suprema-D-11-2015.pdf","3TA","casacion","","","228.0"
"SEGUNDO-CONCURSO-NACIONAL-DE-COMENTARIOS-DE-SENTENCIAS-VERSIÓN-WEB-1.pdf","3TA","definitiva","","","2121.5"
"Sentencia-Corte-Suprema-D-21-2016.pdf","3TA","definitiva","","","259.0"
"Sentencia-Casacion-D-6-2019.pdf","3TA","casacion","","","187.1"
"Sentencia-Corte-Suprema-D-40-2018.pdf","3TA","definitiva","","","209.3"
"declaracion-jurada-concurso-sentencias-2020.docx","3TA","definitiva","","","13.1"
"formulario-postulacion-concurso-sentencias-2020.docx","3TA","definitiva","","","18.3"
"declaracion-jurada-bases-concurso-sentencias-2020.pdf","3TA","definitiva","","","47.9"
"formulario-postulacion-bases-concurso-sentencias-2020.pdf","3TA","definitiva","","","54.0"
"sentencia_rol_R_2_2020.pdf","3TA","definitiva","","","308.6"
"D-15-2019-sentencia-definitiva-270620.pdf","3TA","definitiva","","","921.4"
"Sentencia_D-6-2019.pdf","3TA","definitiva","","","437.0"
"D-40-2018_Sentencia_13.4.2020.pdf","3TA","definitiva","","","587.0"
"R-12-14-15-sentencia-1.pdf","3TA","definitiva","","","707.0"
"Sentencia-reemplazo.pdf","3TA","reemplazo","","","165.5"
"Sentencia-Definitiva-D-20-2016.pdf","3TA","definitiva","","","3451.1"
"Sentencia_D20-2016.pdf","3TA","definitiva","","","3451.1"
"BOLETIN-DE-SENTENCIAS-DEL-TERCER-TRIBUNAL-AMBIENTAL-2-SEMESTRE-2018.pdf","3TA","definitiva","","","13630.3"
"Libro-Primer-Concurso-Nacional-de-Comentarios-de-Sentencias-del-Tercer-Tribunal-Ambiental-061119.pdf","3TA","definitiva","","","4402.1"
"BASES-SEGUNDO-CONCURSO-DE-COMENTARIOS-DE-SENTENCIAS-2019-actualizadas-071119.pdf","3TA","definitiva","","","151.4"
"R8_2019_Sentencia_definitiva.pdf","3TA","definitiva","","","5330.8"
"BASES-SEGUNDO-CONCURSO-DE-COMENTARIOS-DE-SENTENCIAS.pdf","3TA","definitiva","","","184.3"
"Sentencia-Casación-R55.pdf","3TA","casacion","","","183.8"
"R5_2019_Sentencia_definitiva.pdf","3TA","definitiva","","","6817.7"
"R-77-SENTENCIA-1.pdf","3TA","definitiva","","","62121.1"
"R-77-SENTENCIA.pdf","3TA","definitiva","","","62121.1"
"D30_2017_Sentencia_definitiva-1.pdf","3TA","definitiva","","","3043.8"
"Sentencia-R-4.pdf","3TA","definitiva","","","9104.8"
"D30_2017_Sentencia_definitiva.pdf","3TA","definitiva","","","6172.4"
"Sentencia-casación-CSuprema-R-53.pdf","3TA","casacion","","","228.4"
"Sentencia-definitiva-R76-140619.pdf","3TA","definitiva","","","7253.0"
"R-78-sentencia-definitiva.pdf","3TA","definitiva","","","14949.8"
"R-68-Sentencia-definitiva.pdf","3TA","definitiva","","","11066.9"
"Sentencia-D-21-2016-1.pdf","3TA","definitiva","","","4032.5"
"Sentencia-casación-R-2-C.Suprema.pdf","3TA","casacion","","","139.9"
"Sentencia-D-11.pdf","3TA","definitiva","","","2250.9"
"Sentencia_D7.pdf","3TA","definitiva","","","3422.0"
"R68_2018_Sentencia.pdf","3TA","definitiva","","","5018.4"
"D36_2018_Sentencia_16.11.2018-1.pdf","3TA","definitiva","","","8356.8"
"Boletín-de-Sentencias-Tercer-Tribunal-Ambiental-Volumen-I-año-1.pdf","3TA","definitiva","","","4556.1"
"Sentencia-Casación-R-38.pdf","3TA","casacion","","","298.4"
"Sentencia-Casación-en-el-fondo-R-44.pdf","3TA","casacion","","","221.2"
"Sentencia-casación-D-16.pdf","3TA","casacion","","","179.6"
"Sentencia-casación-CSuprema-R-53.pdf","3TA","casacion","","","228.4"
"Sentencia-casación-R-2-C.Suprema.pdf","3TA","casacion","","","139.9"
"Sentencia-Casación-R-38.pdf","3TA","casacion","","","298.4"
"Sentencia-Casación-en-el-fondo-R-44.pdf","3TA","casacion","","","221.2"
"Sentencia-casación-D-16.pdf","3TA","casacion","","","179.6"
"Sentencia-R-2-2014-edit.pdf","3TA","definitiva","R-2-2014","2014","9889.2"
"Sentencia-C.Suprema-Tres-Bocas-R-2-2014.pdf","3TA","definitiva","R-2-2014","2014","99.8"
"Sentencias-definitiva-R-3-2014.pdf","3TA","definitiva","R-3-2014","2014","815.4"
"Sentencia-C.Suprema-R-5-2014.doc","3TA","definitiva","R-5-2014","2014","25.0"
"Sentencia-definitiva-R-5-2014.pdf","3TA","definitiva","R-5-2014","2014","729.3"
"Sentencia R-6-2014.pdf","3TA","definitiva","R-6-2014","2014","11025.6"
"Sentencia-C.Suprema-BOCAMINA-R-6-2014.pdf","3TA","definitiva","R-6-2014","2014","177.3"
"R-6-2014-Sentencia-definitiva-27-marzo-2015.pdf","3TA","definitiva","R-6-2014","2014","748.8"
"Sentencia-definitiva-R-9-2014.pdf","3TA","definitiva","R-9-2014","2014","416.7"
"Sentencia-definitiva-R-10-2015.pdf","3TA","definitiva","R-10-2015","2015","572.4"
"Sentencia-C.Suprema-R-11-2015-acoge-casacion.doc","3TA","casacion","R-11-2015","2015","42.5"
"Sentencia-reemplazo-C.Suprema-R-11-2015.doc","3TA","reemplazo","R-11-2015","2015","27.0"
"Sentencia-definitiva-R-11-2015.pdf","3TA","definitiva","R-11-2015","2015","1254.1"
"Sentencia-R-13-2015.pdf","3TA","definitiva","R-13-2015","2015","2385.1"
"Sentencia-R-15-2015.pdf","3TA","definitiva","R-15-2015","2015","8994.1"
"Sentencia-R-16-2015-edit.pdf","3TA","definitiva","R-16-2015","2015","3008.2"
"Sentencia-C.Suprema-R-17-2015.pdf","3TA","definitiva","R-17-2015","2015","468.7"
"Sentencia-de-reemplazo-C.Suprema-R-17-2015.pdf","3TA","reemplazo","R-17-2015","2015","423.1"
"Sentencia-R-20-2015.pdf","3TA","definitiva","R-20-2015","2015","9025.8"
"Corte-Suprema-sentencia-reemplazo-R-20-2015.pdf","3TA","reemplazo","R-20-2015","2015","811.2"
"Sentencia-Corte-Suprema-R-21-2015.pdf","3TA","definitiva","R-21-2015","2015","460.8"
"Sentencia-R-22-2015.pdf","3TA","definitiva","R-22-2015","2015","6158.6"
"Sentencia-C.Suprema-R-22-2015.pdf","3TA","definitiva","R-22-2015","2015","285.2"
"sentencia-definitiva-r-23-2015.pdf","3TA","definitiva","R-23-2015","2015","735.8"
"Sentencia-definitiva-R-23-2015.pdf","3TA","definitiva","R-23-2015","2015","3278.1"
"Sentencia-casación-R-23-2016.pdf","3TA","casacion","R-23-2016","2016","369.7"
"Sentencia-de-reemplazo-R-23-2016.pdf","3TA","reemplazo","R-23-2016","2016","198.7"
"Sentencia definitiva R-25-2016.pdf","3TA","definitiva","R-25-2016","2016","19493.3"
"Sentencia-C.Suprema-R-28-2016.pdf","3TA","definitiva","R-28-2016","2016","159.6"
"Sentencia-R-31-2016.pdf","3TA","definitiva","R-31-2016","2016","3443.7"
"SENTENCIA-R-35-2016.pdf","3TA","definitiva","R-35-2016","2016","8816.8"
"Sentencia-Corte-Suprema-R-36-2016.pdf","3TA","definitiva","R-36-2016","2016","245.3"
"sentencia-R-38-2016.pdf","3TA","definitiva","R-38-2016","2016","9124.3"
"Sentencia-R-41-2016.pdf","3TA","definitiva","R-41-2016","2016","7150.6"
"sentencia_R-44-2016.pdf","3TA","definitiva","R-44-2016","2016","10431.4"
"Sentencia_R-45-2016.pdf","3TA","definitiva","R-45-2016","2016","980.4"
"Sentencia-R-46-2017.pdf","3TA","definitiva","R-46-2017","2017","7707.2"
"Sentencia-R-47-2017.pdf","3TA","definitiva","R-47-2017","2017","6627.6"
"Sentencia_R-50-2017.pdf","3TA","definitiva","R-50-2017","2017","7599.3"
"Sentencia_definitiva-R-53-2017.pdf","3TA","definitiva","R-53-2017","2017","6619.8"
"Sentencia-R-54-2017-1.pdf","3TA","definitiva","R-54-2017","2017","3928.0"
"Sentencia-casacion-R-60-2017.pdf","3TA","casacion","R-60-2017","2017","192.3"
"Sentencia-reemplazo-R-60-2017.pdf","3TA","reemplazo","R-60-2017","2017","165.5"
"R-64-2018-Sentencia-casacion-C.Suprema.pdf","3TA","casacion","R-64-2018","2018","284.5"
"Sentencia-R-76-2018.pdf","3TA","definitiva","R-76-2018","2018","7337.3"
"Sentencia-R-77-2018.pdf","3TA","definitiva","R-77-2018","2018","62593.8"
"Sentencia-Corte-Suprema-R-77-2018.pdf","3TA","definitiva","R-77-2018","2018","183.5"
"Sentencia-Corte-Suprema-R-78-2018.pdf","3TA","definitiva","R-78-2018","2018","130.5"
"Sentencia-definitiva-R-3-2019.pdf","3TA","definitiva","R-3-2019","2019","8996.0"
"Sentencia-Corte-Suprema-R-3-2019.pdf","3TA","definitiva","R-3-2019","2019","179.5"
"Sentencia-R-3-2019.pdf","3TA","definitiva","R-3-2019","2019","8913.3"
"Sentencia-definitiva-R-4-2019.pdf","3TA","definitiva","R-4-2019","2019","9189.1"
"Sentencia-R-5-2019.pdf","3TA","definitiva","R-5-2019","2019","6817.7"
"Sentencia-Corte-Suprema-R-5-2019.pdf","3TA","definitiva","R-5-2019","2019","134.8"
"Sentencia-R-7-2019-290120.pdf","3TA","definitiva","R-7-2019","2019","14863.6"
"Sentencia-C.Suprema-casación-R-7-2019.pdf","3TA","casacion","R-7-2019","2019","260.4"
"Sentencia-R-8-2019.pdf","3TA","definitiva","R-8-2019","2019","5330.8"
"Sentencia-Corte-Suprema-r-8-2019.pdf","3TA","definitiva","R-8-2019","2019","140.1"
"Sentencia-R-9-2019.pdf","3TA","definitiva","R-9-2019","2019","14586.4"
"SENTENCIA-REEMPLAZO-R-9-2019.pdf","3TA","reemplazo","R-9-2019","2019","118.8"
"Si_ntesis-Sentencia-R-16-2019.pdf","3TA","definitiva","R-16-2019","2019","110.7"
"R-16-2019-sentencia-definitiva.pdf","3TA","definitiva","R-16-2019","2019","535.4"
"Sentencia-Casacion-R-16-2019.pdf","3TA","casacion","R-16-2019","2019","235.3"
"Si_ntesis-Sentencia-R-18-2019.pdf","3TA","definitiva","R-18-2019","2019","93.5"
"Sentencia_R-18-2019.pdf","3TA","definitiva","R-18-2019","2019","576.9"
"Sentencia-Corte-Suprema-R-18-2019.pdf","3TA","definitiva","R-18-2019","2019","212.8"
"Si_ntesis-sentencia-R-19-2019-1.pdf","3TA","definitiva","R-19-2019","2019","167.0"
"Sentencia-Definitiva-R-19-2019.pdf","3TA","definitiva","R-19-2019","2019","750.7"
"R-19-2019_Sentencia_Definitiva.pdf","3TA","definitiva","R-19-2019","2019","750.7"
"Sentencia_R-20-2019-VF.pdf","3TA","definitiva","R-20-2019","2019","738.1"
"Sentencia-Corte-Suprema-R-20-2019.pdf","3TA","definitiva","R-20-2019","2019","252.1"
"Sentencia-C.Suprema-91622-2021-R-21-2019-3TA.pdf","3TA","definitiva","R-21-2019","2019","405.2"
"Sentencia-Corte-Suprema-R-25-2019.pdf","3TA","definitiva","R-25-2019","2019","229.8"
"R-26-2019_sentencia.pdf","3TA","definitiva","R-26-2019","2019","373.0"
"Sentencia-casacion-C.Suprema-R-26-2019.pdf","3TA","casacion","R-26-2019","2019","231.7"
"Sentencia-reemplazo-C.Suprema-R-26-2019.pdf","3TA","reemplazo","R-26-2019","2019","132.4"
"Sentencia-de-reemplazo-Corte-Suprema-R-26-2019.pdf","3TA","reemplazo","R-26-2019","2019","132.4"
"Sentencia-Casacion-Corte-Suprema-R-26-2019.pdf","3TA","casacion","R-26-2019","2019","231.7"
"Sentencia-R-27-2019.pdf","3TA","definitiva","R-27-2019","2019","3986.2"
"Sentencia_R-28-2019.pdf","3TA","definitiva","R-28-2019","2019","458.3"
"Sentencia-C.Suprema-91629-2021-R-1-2020-3TA-1.pdf","3TA","definitiva","R-1-2020","2020","227.8"
"Sentencia-R-2-2020.pdf","3TA","definitiva","R-2-2020","2020","308.6"
"Sentencia-casacion-C.Suprema-R-3-2020.pdf","3TA","casacion","R-3-2020","2020","203.2"
"Sentencia-complementaria-3TA-R-3-2020.pdf","3TA","definitiva","R-3-2020","2020","333.0"
"Sentencia-R-5-2020.pdf","3TA","definitiva","R-5-2020","2020","2147.9"
"Sentencia-casacion-C.Suprema-R-5-2020.pdf","3TA","casacion","R-5-2020","2020","290.4"
"Sentencia_R-5-2020_22012021.pdf","3TA","definitiva","R-5-2020","2020","2147.9"
"Sentencia-C.Suprema-92081-2021-R-6-2020-3TA.pdf","3TA","definitiva","R-6-2020","2020","271.1"
"R-8-2020-sentencia-definitiva-160920.pdf","3TA","definitiva","R-8-2020","2020","368.8"
"Sentencia-R-9-2020.pdf","3TA","definitiva","R-9-2020","2020","350.5"
"Sentencia_R-9-2020.pdf","3TA","definitiva","R-9-2020","2020","350.5"
"Sentencia-CS-ROL_N_9103_2024.-R-10-2020.pdf","3TA","definitiva","R-10-2020","2020","18086.1"
"Sentencia-3TA-R-10-2020.pdf","3TA","definitiva","R-10-2020","2020","624.9"
"Sentencia_Definitiva_R-11-2020_.pdf","3TA","definitiva","R-11-2020","2020","741.9"
"Sentencia-C.Suprema-R-11-2020.pdf","3TA","definitiva","R-11-2020","2020","189.6"
"Si_ntesis-Sentencia-R-13-2020.pdf","3TA","definitiva","R-13-2020","2020","95.4"
"R-13-2020_sentencia.pdf","3TA","definitiva","R-13-2020","2020","2257.3"
"R-14-2020-sentencia-final-rev.pdf","3TA","definitiva","R-14-2020","2020","1484.4"
"Sentencia-R-15-2020.pdf","3TA","definitiva","R-15-2020","2020","563.8"
"Sentencia-definitiva-R-19-2020.pdf","3TA","definitiva","R-19-2020","2020","582.9"
"Sentencia-Corte-Suprema-R-19-2020.pdf","3TA","definitiva","R-19-2020","2020","223.3"
"Sentencia-3TA-R-20-2020-08.02.2024.pdf","3TA","definitiva","R-20-2020","2020","1787.8"
"Sentencia-3TA-R-20-2020-08.02.2024-1.pdf","3TA","definitiva","R-20-2020","2020","1787.8"
"Si_ntesis-Sentencia-R-22-2020.pdf","3TA","definitiva","R-22-2020","2020","92.2"
"Sentencia_R-22-2020_.pdf","3TA","definitiva","R-22-2020","2020","328.3"
"Sentencia-Corte-Suprema-R-22-2020.pdf","3TA","definitiva","R-22-2020","2020","172.3"
"Sentencia_R-23-2020.pdf","3TA","definitiva","R-23-2020","2020","330.9"
"Sentencia-Corte-Suprema-R-23-2020.pdf","3TA","definitiva","R-23-2020","2020","170.1"
"R-24-2020_sentencia.pdf","3TA","definitiva","R-24-2020","2020","309.6"
"Sentencia-C.Suprema-R-24-2020.pdf","3TA","definitiva","R-24-2020","2020","163.0"
"Sentencia-R-26-2020.pdf","3TA","definitiva","R-26-2020","2020","9338.1"
"Sistesis-sentencia-R-27-2020.pdf","3TA","definitiva","R-27-2020","2020","99.4"
"Sentencia-R-28-2020.pdf","3TA","definitiva","R-28-2020","2020","436.7"
"Sentencia-3TA-R-29-2020-R-30-2020.pdf","3TA","definitiva","R-29-2020","2020","4327.0"
"R32-2020_sentencia_definitiva_.pdf","3TA","definitiva","R-32-2020","2020","758.0"
"Sentencia-Casacion-C.Suprema-R-32-2020.pdf","3TA","casacion","R-32-2020","2020","195.8"
"Sentencia-de-reemplazo-C.Suprema-R-32-2020.pdf","3TA","reemplazo","R-32-2020","2020","119.2"
"Si_ntesis-Sentencia-R-33-2020.pdf","3TA","definitiva","R-33-2020","2020","71.2"
"Sentencia_R-33-2020.pdf","3TA","definitiva","R-33-2020","2020","418.6"
"R-34-2020__sentencia_14.5.2021_final_28129.pdf","3TA","definitiva","R-34-2020","2020","321.0"
"Sentencia-CAA-Valdivia-R-34-2020.pdf","3TA","definitiva","R-34-2020","2020","142.9"
"Sentencia-3TA-R-35-2020.pdf","3TA","definitiva","R-35-2020","2020","70801.7"
"Sentencia-Definitiva-R-36-2020.pdf","3TA","definitiva","R-36-2020","2020","442.3"
"Sentencia-3TA-R-38-2020.pdf","3TA","definitiva","R-38-2020","2020","15379.6"
"R-40-2020_sentencia_definitiva.pdf","3TA","definitiva","R-40-2020","2020","11196.5"
"Si_ntesis-Sentencia-R-41-2020.pdf","3TA","definitiva","R-41-2020","2020","94.6"
"Sentencia-3TA-R-41-2020.pdf","3TA","definitiva","R-41-2020","2020","306.9"
"sentencia_R-41-2020_15.7.2021.pdf","3TA","definitiva","R-41-2020","2020","306.9"
"R-43-2020_sentencia_19.5.2021.pdf","3TA","definitiva","R-43-2020","2020","578.4"
"Sentencia-3TA-R-1-2021.pdf","3TA","definitiva","R-1-2021","2021","1296.9"
"Sentencia-Definitiva-R-2-2021.pdf","3TA","definitiva","R-2-2021","2021","336.6"
"Sentencia-C.Suprema-R-2-2021.pdf","3TA","definitiva","R-2-2021","2021","156.6"
"Sentencia-R-3-2021-3TA.pdf","3TA","definitiva","R-3-2021","2021","366.5"
"Sentencia-3TA-R-5-2021.pdf","3TA","definitiva","R-5-2021","2021","577.3"
"Sentencia-definitiva-R-6-2021.pdf","3TA","definitiva","R-6-2021","2021","1302.6"
"Sentencia-CAA-Valdivia-R-6-2021.pdf","3TA","definitiva","R-6-2021","2021","45.7"
"Si_ntesis-Sentencia-R-7-2021.pdf","3TA","definitiva","R-7-2021","2021","67.3"
"Sentencia-CS-suprema-Rol-R-8-20214.pdf","3TA","definitiva","R-8-2021","2021","988.2"
"Sentencia-3TA-R-8-2021.pdf","3TA","definitiva","R-8-2021","2021","397.8"
"Sentencia-R-9-2021.pdf","3TA","definitiva","R-9-2021","2021","8798.7"
"Sentencia-R-11-2021-3TA.pdf","3TA","definitiva","R-11-2021","2021","1033.7"
"Sentencia-casacion-C.Suprema-R-11-2021.pdf","3TA","casacion","R-11-2021","2021","207.1"
"R-14-2021-sentencia.pdf","3TA","definitiva","R-14-2021","2021","343.9"
"sentencia-R-15-2021.pdf","3TA","definitiva","R-15-2021","2021","1053.4"
"Sentencia-CAA-Valdivia-4-2022-R-15-2021-3TA.pdf","3TA","definitiva","R-15-2021","2021","498.9"
"Sentencia-3TA-R-16-2021-R-17-2021.pdf","3TA","definitiva","R-16-2021","2021","1696.8"
"Sentencia-R-18-2021-3TA.pdf","3TA","definitiva","R-18-2021","2021","737.8"
"Sentencia-casacion-C.Suprema-R-18-2021.pdf","3TA","casacion","R-18-2021","2021","270.4"
"Sentencia-3TA-R-19-2021-25.10.23-68-P.pdf","3TA","definitiva","R-19-2021","2021","675.3"
"Sentencia-3TA-R-21-2021-14.08.2023-149-p.pdf","3TA","definitiva","R-21-2021","2021","1743.6"
"Sentencia-Definitiva-3TA-R-22-2021.pdf","3TA","definitiva","R-22-2021","2021","1008.2"
"Sentencia-R-25-2021-3tTA.pdf","3TA","definitiva","R-25-2021","2021","1003.4"
"Sentencia-R-26-2021-3TA.pdf","3TA","definitiva","R-26-2021","2021","350.8"
"Sentencia-R-27-2021.pdf","3TA","definitiva","R-27-2021","2021","366.8"
"Sentencia-3TA-R-28-2021-30.10.23-62-P.pdf","3TA","definitiva","R-28-2021","2021","2039.1"
"Sentencia-3TA-R-29-2021-04.08.2023.pdf","3TA","definitiva","R-29-2021","2021","4973.9"
"Sentencia-3TA-R-33-2021-13.02.2024.pdf","3TA","definitiva","R-33-2021","2021","329.3"
"Sentencia-3TA-R-34-2021-06.12.23-72-P.pdf","3TA","definitiva","R-34-2021","2021","624.1"
"Sentencia-3TA-R-35-2021-28.12.23-93-P.pdf","3TA","definitiva","R-35-2021","2021","2763.5"
"Sentencia-3TA-R-36-2021-28.12.23-19-P.pdf","3TA","definitiva","R-36-2021","2021","344.8"
"Sentencia-3TA-R-37-2021.pdf","3TA","definitiva","R-37-2021","2021","807.6"
"Sentencia-definitiva-3TA-R-39-2021-02.05.2023.pdf","3TA","definitiva","R-39-2021","2021","450.6"
"Sentencia-3TA-R-1-2022.pdf","3TA","definitiva","R-1-2022","2022","1910.4"
"Sentencia-3TA-R-3-2022-06.06.2023.pdf","3TA","definitiva","R-3-2022","2022","987.7"
"Sentencia-3TA-R-4-2022.pdf","3TA","definitiva","R-4-2022","2022","1717.8"
"Sentencia-3TA-R-5-2022-07.11.23-49-P.pdf","3TA","definitiva","R-5-2022","2022","291.5"
"Sentencia-3TA-R-6-2022-23.03.2023.pdf","3TA","definitiva","R-6-2022","2022","1509.2"
"Sentencia-R-10-2022.pdf","3TA","definitiva","R-10-2022","2022","742.6"
"Sentencia-3TA-R-12-2022-28.06.2023.pdf","3TA","definitiva","R-12-2022","2022","1079.3"
"Sentencia-3TA-R-15-2022-17.05.2023.pdf","3TA","definitiva","R-15-2022","2022","1729.0"
"sentencia-R-21-2022-3TA.pdf","3TA","definitiva","R-21-2022","2022","343.8"
"Sentencia-3TA-R-24-2022-19.07.2023.pdf","3TA","definitiva","R-24-2022","2022","1803.9"
"Sentencia-3TA-R-25-2022-05.06.2023.pdf","3TA","definitiva","R-25-2022","2022","2268.8"
"Resumen-sentencia-R-28-2022.pdf","3TA","definitiva","R-28-2022","2022","95.5"
"Sentencia-3TA-R-28-2022.pdf","3TA","definitiva","R-28-2022","2022","1626.4"
"Resumen-Sentencia-3TA-R-30-2022-31.01.2024-.docx.pdf","3TA","definitiva","R-30-2022","2022","68.1"
"Sentencia-3TA-R-30-2022-31.01.2024.pdf","3TA","definitiva","R-30-2022","2022","1129.2"
"Sentencia-3TA-R-30-2022-31.01.2024-1.pdf","3TA","definitiva","R-30-2022","2022","1129.2"
"Sentencia-3TA-R-31-2022-27.07.2023.pdf","3TA","definitiva","R-31-2022","2022","2990.5"
"Sentencia-3TA-R-39-2022-07.08.2023-72-p.pdf","3TA","definitiva","R-39-2022","2022","620.8"
"Sentencia-3TA-R-40-2022-25.04.2023-1.pdf","3TA","definitiva","R-40-2022","2022","1952.6"
"Sentencia-3TA-R-40-2022-25.04.2023.pdf","3TA","definitiva","R-40-2022","2022","1952.6"
"Sentencia-3TA-R-44-2022-27.07.2023.pdf","3TA","definitiva","R-44-2022","2022","559.2"
"Sentencia-3TA-R-47-2022-31.01.2023.pdf","3TA","definitiva","R-47-2022","2022","942.3"
"Sentencia-3TA-R-48-2022-17.10.2023-52P.pdf","3TA","definitiva","R-48-2022","2022","354.7"
"Sentencia-3TA-R-49-2022-16.11.23-60-P.pdf","3TA","definitiva","R-49-2022","2022","1196.4"
"Sentencia-3TA-R-50-2022-03.11.23-56-P.pdf","3TA","definitiva","R-50-2022","2022","383.1"
"Sentencia-3TA-R-51-2022-22.12.23-53-P.pdf","3TA","definitiva","R-51-2022","2022","697.3"
"Sentencia-3TA-R-54-2022.pdf","3TA","definitiva","R-54-2022","2022","286.2"
"Sentencia-R-56-2022.pdf","3TA","definitiva","R-56-2022","2022","789.0"
"Sentencia-3TA-R-64-2022-11.12.23-32-P.pdf","3TA","definitiva","R-64-2022","2022","817.9"
"Sentencia-3TA-R-67-2022-25.04.2023-1.pdf","3TA","definitiva","R-67-2022","2022","296.7"
"Sentencia-3TA-R-67-2022-25.04.2023.pdf","3TA","definitiva","R-67-2022","2022","296.7"
"Sentencia-3TA-R-69-2022-27.03.2023.pdf","3TA","definitiva","R-69-2022","2022","345.2"
"Sentencia-3TA-R-71-2022-28.12.23-52-P.pdf","3TA","definitiva","R-71-2022","2022","404.4"
"Sentencia-3TA-R-2-2023-03.05.2023.pdf","3TA","definitiva","R-2-2023","2023","378.1"
"R3-2023_sentencia_definitiva_.pdf","3TA","definitiva","R-3-2023","2023","437.4"
"Sentencia-3TA-R-4-2023-06.04.2023.pdf","3TA","definitiva","R-4-2023","2023","282.8"
"Sentencia-3TA-R-5-2023-30.11.23-39-P.pdf","3TA","definitiva","R-5-2023","2023","452.6"
"Sentencia-3TA-R-6-2023-11.10.2023-20P.pdf","3TA","definitiva","R-6-2023","2023","302.8"
"Sentencia-3TA-R-7-2023-17.11.23-32-P.pdf","3TA","definitiva","R-7-2023","2023","276.1"
"Sentencia-3TA-R-9-2023-17.10.23-18-P.pdf","3TA","definitiva","R-9-2023","2023","337.4"
"Sentencia-3TA-R-10-2023-27.09.2023-17-P.pdf","3TA","definitiva","R-10-2023","2023","302.1"
"Sentencia-3TA-R-11-2023-21.11.23-33-P.pdf","3TA","definitiva","R-11-2023","2023","269.6"
"Sentencia-3TA-R-12-2023-12.09.2023-15-P.pdf","3TA","definitiva","R-12-2023","2023","290.1"
"Sentencia-3TA-R-13-2023-28.07.2023-9-p.-1-1.pdf","3TA","definitiva","R-13-2023","2023","265.8"
"Sentencia-3TA-R-13-2023-28.07.2023-9-p.pdf","3TA","definitiva","R-13-2023","2023","265.8"
"Sentencia-3TA-R-13-2023-28.07.2023-9-p.-1.pdf","3TA","definitiva","R-13-2023","2023","265.8"
"Sentencia-3TA-R-14-2023-28.07.2023-9-p.pdf","3TA","definitiva","R-14-2023","2023","264.3"
"Sentencia-3TA-R-15-2023-13.07.2023.pdf","3TA","definitiva","R-15-2023","2023","289.7"
"Sistensis-sentencia-R-18-2023.pdf","3TA","definitiva","R-18-2023","2023","93.7"
"Sentencia-R-18-2023-VF.pdf","3TA","definitiva","R-18-2023","2023","2386.4"
"Resumen-sentencia-R-19-2023.pdf","3TA","definitiva","R-19-2023","2023","102.2"
"Sintensis-sentencia-R-21-2023.pdf","3TA","definitiva","R-21-2023","2023","89.8"
"Sentencia-3TA-R-21-2023-23.02.2024.pdf","3TA","definitiva","R-21-2023","2023","1253.4"
"Sentencia-3TA-R-22-2023-05.10.2023-14-P.pdf","3TA","definitiva","R-22-2023","2023","303.0"
"Sentencia-definitiva-R-28-2023.pdf","3TA","definitiva","R-28-2023","2023","367.9"
"R36-2023_sentencia_definitiva_312024.pdf","3TA","definitiva","R-36-2023","2023","384.2"
"SENTENCIA_DE_REMPLAZO_ROL_N_246935_2023.pdf","3TA","definitiva","R-246935-2023","2023","5965.4"
"Sistesis-sentencia-R-6-2024.pdf","3TA","definitiva","R-6-2024","2024","86.7"
"R-7-2024_sentencia_definitiva_212025.pdf","3TA","definitiva","R-7-2024","2024","523.0"
"Sistesis-sentencia-R-11-2024.pdf","3TA","definitiva","R-11-2024","2024","88.9"
"sentencia-R-11-2024.pdf","3TA","definitiva","R-11-2024","2024","1553.0"
"R14-2024_sentencia.pdf","3TA","definitiva","R-14-2024","2024","309.1"
"Sintensis-sentencia-R-20-2024.pdf","3TA","definitiva","R-20-2024","2024","109.1"
"sentencia-Rol-R-25-2024.pdf","3TA","definitiva","R-25-2024","2024","733.0"
"Sentencia-R-33-2024.pdf","3TA","definitiva","R-33-2024","2024","628.8"
"Sentencia-R-36-2024.pdf","3TA","definitiva","R-36-2024","2024","1001.2"
"Sentencia-definitiva-R-1-2025.pdf","3TA","definitiva","R-1-2025","2025","447.3"
"R-2-2025_sentencia_definitiva__firmado.pdf","3TA","definitiva","R-2-2025","2025","1231.9"
"Sentencia_R-5-2025.pdf","3TA","definitiva","R-5-2025","2025","590.6"
"sentencia_definitiva-R-8-2025.pdf","3TA","definitiva","R-8-2025","2025","723.2"
"Sentencia-R-29-2025.pdf","3TA","definitiva","R-29-2025","2025","614.6"
